Workbook

Sheet Load_Baplie_Out_Plus
A1: Bay | B1: Slot | C1: Container Id | D1: Size | E1: POL | F1: POD | G1: Weight | H1: Carrier | I1: Type | J1: Class | K1: Setting | L1: Height | M1: Full | N1: Delivery | O1: Opt Port | P1: Container | Q1: Vessel Origem | R1: Booking Number | S1: Type | T1: Weight | U1: Temp | V1: IMO | W1: Booking party | X1: POO | Y1: FPOD | Z1: Revenue
A2: 31 | B2: 310806 | C2: ANON0000000 | D2: 20 | E2: USNFK | F2: RULED | G2: 21466 | H2: ART | I2: 22G1 | L2: OOG | M2: Full | N2: RULED | P2: =C2 | Q2: {=IFERROR(INDEX(Load_Booking_Report!AC:AC, MATCH(TRUE, ISNUMBER(FIND(SUBSTITUTE(C2," ",""), Load_Booking_Report!AL:AL)), 0)), "Not Found")} | R2: {=IFERROR(INDEX(Load_Booking_Report!C:C, MATCH(TRUE, ISNUMBER(FIND(SUBSTITUTE(C2," ",""), Load_Booking_Report!AL:AL)), 0)), "Not Found")} | S2: {=IFERROR(INDEX(Load_Booking_Report!AG:AG, MATCH(TRUE, ISNUMBER(FIND(SUBSTITUTE(C2," ",""), Load_Booking_Report!AL:AL)), 0)), "Not Found")} | T2: =G2 | U2: {=IFERROR( IF( INDEX(Load_Booking_Report!AM:AM, MATCH(TRUE, ISNUMBER(FIND(SUBSTITUTE(C2," ",""), Load_Booking_Report!AL:AL)), 0) )=0, "", INDEX(Load_Booking_Report!AM:AM, MATCH(TRUE, ISNUMBER(FIND(SUBSTITUTE(C2," ",""), Load_Booking_Report!AL:AL)), 0) ) ), "" )} | V2: {=IFERROR( IF( INDEX(Load_Booking_Report!AR:AR, MATCH(TRUE, ISNUMBER(FIND(SUBSTITUTE(C2," ",""), Load_Booking_Report!AL:AL)), 0) )=0, "", INDEX(Load_Booking_Report!AR:AR, MATCH(TRUE, ISNUMBER(FIND(SUBSTITUTE(C2," ",""), Load_Booking_Report!AL:AL)), 0) ) ), "" )} | W2: {=IFERROR(INDEX(Load_Booking_Report!F:F, MATCH(TRUE, ISNUMBER(FIND(SUBSTITUTE(C2," ",""), Load_Booking_Report!AL:AL)), 0)), "Not Found")} | X2: {=IFERROR(INDEX(Load_Booking_Report!N:N, MATCH(TRUE, ISNUMBER(FIND(SUBSTITUTE(C2," ",""), Load_Booking_Report!AL:AL)), 0)), "Not Found")} | Y2: {=IFERROR(INDEX(Load_Booking_Report!V:V, MATCH(TRUE, ISNUMBER(FIND(SUBSTITUTE(C2," ",""), Load_Booking_Report!AL:AL)), 0)), "Not Found")} | Z2: {=IFERROR(INDEX(Load_Booking_Report!BC:BC, MATCH(TRUE, ISNUMBER(FIND(SUBSTITUTE(C2," ",""), Load_Booking_Report!AL:AL)), 0)), "Not Found")}
A3: 25 | B3: 250504 | C3: ANON0000000 | D3: 20 | E3: USNYC | F3: RULED | G3: 27050 | H3: ART | I3: 22G1 | L3: 8'6 | M3: Full | N3: RULED | P3: =C3 | Q3: {=IFERROR(INDEX(Load_Booking_Report!AC:AC, MATCH(TRUE, ISNUMBER(FIND(SUBSTITUTE(C3," ",""), Load_Booking_Report!AL:AL)), 0)), "Not Found")} | R3: {=IFERROR(INDEX(Load_Booking_Report!C:C, MATCH(TRUE, ISNUMBER(FIND(SUBSTITUTE(C3," ",""), Load_Booking_Report!AL:AL)), 0)), "Not Found")} | S3: {=IFERROR(INDEX(Load_Booking_Report!AG:AG, MATCH(TRUE, ISNUMBER(FIND(SUBSTITUTE(C3," ",""), Load_Booking_Report!AL:AL)), 0)), "Not Found")} | T3: =G3 | U3: {=IFERROR( IF( INDEX(Load_Booking_Report!AM:AM, MATCH(TRUE, ISNUMBER(FIND(SUBSTITUTE(C3," ",""), Load_Booking_Report!AL:AL)), 0) )=0, "", INDEX(Load_Booking_Report!AM:AM, MATCH(TRUE, ISNUMBER(FIND(SUBSTITUTE(C3," ",""), Load_Booking_Report!AL:AL)), 0) ) ), "" )} | V3: {=IFERROR( IF( INDEX(Load_Booking_Report!AR:AR, MATCH(TRUE, ISNUMBER(FIND(SUBSTITUTE(C3," ",""), Load_Booking_Report!AL:AL)), 0) )=0, "", INDEX(Load_Booking_Report!AR:AR, MATCH(TRUE, ISNUMBER(FIND(SUBSTITUTE(C3," ",""), Load_Booking_Report!AL:AL)), 0) ) ), "" )} | W3: {=IFERROR(INDEX(Load_Booking_Report!F:F, MATCH(TRUE, ISNUMBER(FIND(SUBSTITUTE(C3," ",""), Load_Booking_Report!AL:AL)), 0)), "Not Found")} | X3: {=IFERROR(INDEX(Load_Booking_Report!N:N, MATCH(TRUE, ISNUMBER(FIND(SUBSTITUTE(C3," ",""), Load_Booking_Report!AL:AL)), 0)), "Not Found")} | Y3: {=IFERROR(INDEX(Load_Booking_Report!V:V, MATCH(TRUE, ISNUMBER(FIND(SUBSTITUTE(C3," ",""), Load_Booking_Report!AL:AL)), 0)), "Not Found")} | Z3: {=IFERROR(INDEX(Load_Booking_Report!BC:BC, MATCH(TRUE, ISNUMBER(FIND(SUBSTITUTE(C3," ",""), Load_Booking_Report!AL:AL)), 0)), "Not Found")}
A4: 27 | B4: 270302 | C4: ANON0000000 | D4: 20 | E4: USNYC | F4: RULED | G4: 27000 | H4: ART | I4: 22G1 | L4: 8'6 | M4: Full | N4: RULED | P4: =C4 | Q4: {=IFERROR(INDEX(Load_Booking_Report!AC:AC, MATCH(TRUE, ISNUMBER(FIND(SUBSTITUTE(C4," ",""), Load_Booking_Report!AL:AL)), 0)), "Not Found")} | R4: {=IFERROR(INDEX(Load_Booking_Report!C:C, MATCH(TRUE, ISNUMBER(FIND(SUBSTITUTE(C4," ",""), Load_Booking_Report!AL:AL)), 0)), "Not Found")} | S4: {=IFERROR(INDEX(Load_Booking_Report!AG:AG, MATCH(TRUE, ISNUMBER(FIND(SUBSTITUTE(C4," ",""), Load_Booking_Report!AL:AL)), 0)), "Not Found")} | T4: =G4 | U4: {=IFERROR( IF( INDEX(Load_Booking_Report!AM:AM, MATCH(TRUE, ISNUMBER(FIND(SUBSTITUTE(C4," ",""), Load_Booking_Report!AL:AL)), 0) )=0, "", INDEX(Load_Booking_Report!AM:AM, MATCH(TRUE, ISNUMBER(FIND(SUBSTITUTE(C4," ",""), Load_Booking_Report!AL:AL)), 0) ) ), "" )} | V4: {=IFERROR( IF( INDEX(Load_Booking_Report!AR:AR, MATCH(TRUE, ISNUMBER(FIND(SUBSTITUTE(C4," ",""), Load_Booking_Report!AL:AL)), 0) )=0, "", INDEX(Load_Booking_Report!AR:AR, MATCH(TRUE, ISNUMBER(FIND(SUBSTITUTE(C4," ",""), Load_Booking_Report!AL:AL)), 0) ) ), "" )} | W4: {=IFERROR(INDEX(Load_Booking_Report!F:F, MATCH(TRUE, ISNUMBER(FIND(SUBSTITUTE(C4," ",""), Load_Booking_Report!AL:AL)), 0)), "Not Found")} | X4: {=IFERROR(INDEX(Load_Booking_Report!N:N, MATCH(TRUE, ISNUMBER(FIND(SUBSTITUTE(C4," ",""), Load_Booking_Report!AL:AL)), 0)), "Not Found")} | Y4: {=IFERROR(INDEX(Load_Booking_Report!V:V, MATCH(TRUE, ISNUMBER(FIND(SUBSTITUTE(C4," ",""), Load_Booking_Report!AL:AL)), 0)), "Not Found")} | Z4: {=IFERROR(INDEX(Load_Booking_Report!BC:BC, MATCH(TRUE, ISNUMBER(FIND(SUBSTITUTE(C4," ",""), Load_Booking_Report!AL:AL)), 0)), "Not Found")}
A5: 25 | B5: 250302 | C5: ANON0000000 | D5: 20 | E5: USNYC | F5: RULED | G5: 27040 | H5: ART | I5: 22G1 | L5: 8'6 | M5: Full | N5: RULED | P5: =C5 | Q5: {=IFERROR(INDEX(Load_Booking_Report!AC:AC, MATCH(TRUE, ISNUMBER(FIND(SUBSTITUTE(C5," ",""), Load_Booking_Report!AL:AL)), 0)), "Not Found")} | R5: {=IFERROR(INDEX(Load_Booking_Report!C:C, MATCH(TRUE, ISNUMBER(FIND(SUBSTITUTE(C5," ",""), Load_Booking_Report!AL:AL)), 0)), "Not Found")} | S5: {=IFERROR(INDEX(Load_Booking_Report!AG:AG, MATCH(TRUE, ISNUMBER(FIND(SUBSTITUTE(C5," ",""), Load_Booking_Report!AL:AL)), 0)), "Not Found")} | T5: =G5 | U5: {=IFERROR( IF( INDEX(Load_Booking_Report!AM:AM, MATCH(TRUE, ISNUMBER(FIND(SUBSTITUTE(C5," ",""), Load_Booking_Report!AL:AL)), 0) )=0, "", INDEX(Load_Booking_Report!AM:AM, MATCH(TRUE, ISNUMBER(FIND(SUBSTITUTE(C5," ",""), Load_Booking_Report!AL:AL)), 0) ) ), "" )} | V5: {=IFERROR( IF( INDEX(Load_Booking_Report!AR:AR, MATCH(TRUE, ISNUMBER(FIND(SUBSTITUTE(C5," ",""), Load_Booking_Report!AL:AL)), 0) )=0, "", INDEX(Load_Booking_Report!AR:AR, MATCH(TRUE, ISNUMBER(FIND(SUBSTITUTE(C5," ",""), Load_Booking_Report!AL:AL)), 0) ) ), "" )} | W5: {=IFERROR(INDEX(Load_Booking_Report!F:F, MATCH(TRUE, ISNUMBER(FIND(SUBSTITUTE(C5," ",""), Load_Booking_Report!AL:AL)), 0)), "Not Found")} | X5: {=IFERROR(INDEX(Load_Booking_Report!N:N, MATCH(TRUE, ISNUMBER(FIND(SUBSTITUTE(C5," ",""), Load_Booking_Report!AL:AL)), 0)), "Not Found")} | Y5: {=IFERROR(INDEX(Load_Booking_Report!V:V, MATCH(TRUE, ISNUMBER(FIND(SUBSTITUTE(C5," ",""), Load_Booking_Report!AL:AL)), 0)), "Not Found")} | Z5: {=IFERROR(INDEX(Load_Booking_Report!BC:BC, MATCH(TRUE, ISNUMBER(FIND(SUBSTITUTE(C5," ",""), Load_Booking_Report!AL:AL)), 0)), "Not Found")}
A6: 33 | B6: 330604 | C6: ANON0000000 | D6: 20 | E6: USNYC | F6: RULED | G6: 26900 | H6: ART | I6: 22G1 | L6: 8'6 | M6: Full | N6: RULED | P6: =C6 | Q6: {=IFERROR(INDEX(Load_Booking_Report!AC:AC, MATCH(TRUE, ISNUMBER(FIND(SUBSTITUTE(C6," ",""), Load_Booking_Report!AL:AL)), 0)), "Not Found")} | R6: {=IFERROR(INDEX(Load_Booking_Report!C:C, MATCH(TRUE, ISNUMBER(FIND(SUBSTITUTE(C6," ",""), Load_Booking_Report!AL:AL)), 0)), "Not Found")} | S6: {=IFERROR(INDEX(Load_Booking_Report!AG:AG, MATCH(TRUE, ISNUMBER(FIND(SUBSTITUTE(C6," ",""), Load_Booking_Report!AL:AL)), 0)), "Not Found")} | T6: =G6 | U6: {=IFERROR( IF( INDEX(Load_Booking_Report!AM:AM, MATCH(TRUE, ISNUMBER(FIND(SUBSTITUTE(C6," ",""), Load_Booking_Report!AL:AL)), 0) )=0, "", INDEX(Load_Booking_Report!AM:AM, MATCH(TRUE, ISNUMBER(FIND(SUBSTITUTE(C6," ",""), Load_Booking_Report!AL:AL)), 0) ) ), "" )} | V6: {=IFERROR( IF( INDEX(Load_Booking_Report!AR:AR, MATCH(TRUE, ISNUMBER(FIND(SUBSTITUTE(C6," ",""), Load_Booking_Report!AL:AL)), 0) )=0, "", INDEX(Load_Booking_Report!AR:AR, MATCH(TRUE, ISNUMBER(FIND(SUBSTITUTE(C6," ",""), Load_Booking_Report!AL:AL)), 0) ) ), "" )} | W6: {=IFERROR(INDEX(Load_Booking_Report!F:F, MATCH(TRUE, ISNUMBER(FIND(SUBSTITUTE(C6," ",""), Load_Booking_Report!AL:AL)), 0)), "Not Found")} | X6: {=IFERROR(INDEX(Load_Booking_Report!N:N, MATCH(TRUE, ISNUMBER(FIND(SUBSTITUTE(C6," ",""), Load_Booking_Report!AL:AL)), 0)), "Not Found")} | Y6: {=IFERROR(INDEX(Load_Booking_Report!V:V, MATCH(TRUE, ISNUMBER(FIND(SUBSTITUTE(C6," ",""), Load_Booking_Report!AL:AL)), 0)), "Not Found")} | Z6: {=IFERROR(INDEX(Load_Booking_Report!BC:BC, MATCH(TRUE, ISNUMBER(FIND(SUBSTITUTE(C6," ",""), Load_Booking_Report!AL:AL)), 0)), "Not Found")}
A7: 27 | B7: 270206 | C7: ANON0000000 | D7: 20 | E7: USNYC | F7: RULED | G7: 27110 | H7: ART | I7: 22G1 | L7: 8'6 | M7: Full | N7: RULED | P7: =C7 | Q7: {=IFERROR(INDEX(Load_Booking_Report!AC:AC, MATCH(TRUE, ISNUMBER(FIND(SUBSTITUTE(C7," ",""), Load_Booking_Report!AL:AL)), 0)), "Not Found")} | R7: {=IFERROR(INDEX(Load_Booking_Report!C:C, MATCH(TRUE, ISNUMBER(FIND(SUBSTITUTE(C7," ",""), Load_Booking_Report!AL:AL)), 0)), "Not Found")} | S7: {=IFERROR(INDEX(Load_Booking_Report!AG:AG, MATCH(TRUE, ISNUMBER(FIND(SUBSTITUTE(C7," ",""), Load_Booking_Report!AL:AL)), 0)), "Not Found")} | T7: =G7 | U7: {=IFERROR( IF( INDEX(Load_Booking_Report!AM:AM, MATCH(TRUE, ISNUMBER(FIND(SUBSTITUTE(C7," ",""), Load_Booking_Report!AL:AL)), 0) )=0, "", INDEX(Load_Booking_Report!AM:AM, MATCH(TRUE, ISNUMBER(FIND(SUBSTITUTE(C7," ",""), Load_Booking_Report!AL:AL)), 0) ) ), "" )} | V7: {=IFERROR( IF( INDEX(Load_Booking_Report!AR:AR, MATCH(TRUE, ISNUMBER(FIND(SUBSTITUTE(C7," ",""), Load_Booking_Report!AL:AL)), 0) )=0, "", INDEX(Load_Booking_Report!AR:AR, MATCH(TRUE, ISNUMBER(FIND(SUBSTITUTE(C7," ",""), Load_Booking_Report!AL:AL)), 0) ) ), "" )} | W7: {=IFERROR(INDEX(Load_Booking_Report!F:F, MATCH(TRUE, ISNUMBER(FIND(SUBSTITUTE(C7," ",""), Load_Booking_Report!AL:AL)), 0)), "Not Found")} | X7: {=IFERROR(INDEX(Load_Booking_Report!N:N, MATCH(TRUE, ISNUMBER(FIND(SUBSTITUTE(C7," ",""), Load_Booking_Report!AL:AL)), 0)), "Not Found")} | Y7: {=IFERROR(INDEX(Load_Booking_Report!V:V, MATCH(TRUE, ISNUMBER(FIND(SUBSTITUTE(C7," ",""), Load_Booking_Report!AL:AL)), 0)), "Not Found")} | Z7: {=IFERROR(INDEX(Load_Booking_Report!BC:BC, MATCH(TRUE, ISNUMBER(FIND(SUBSTITUTE(C7," ",""), Load_Booking_Report!AL:AL)), 0)), "Not Found")}
A8: 9 | B8: 90102 | C8: ANON0000000 | D8: 20 | E8: USNFK | F8: RULED | G8: 21448 | H8: ART | I8: 22G1 | L8: OOG | M8: Full | N8: RULED | P8: =C8 | Q8: {=IFERROR(INDEX(Load_Booking_Report!AC:AC, MATCH(TRUE, ISNUMBER(FIND(SUBSTITUTE(C8," ",""), Load_Booking_Report!AL:AL)), 0)), "Not Found")} | R8: {=IFERROR(INDEX(Load_Booking_Report!C:C, MATCH(TRUE, ISNUMBER(FIND(SUBSTITUTE(C8," ",""), Load_Booking_Report!AL:AL)), 0)), "Not Found")} | S8: {=IFERROR(INDEX(Load_Booking_Report!AG:AG, MATCH(TRUE, ISNUMBER(FIND(SUBSTITUTE(C8," ",""), Load_Booking_Report!AL:AL)), 0)), "Not Found")} | T8: =G8 | U8: {=IFERROR( IF( INDEX(Load_Booking_Report!AM:AM, MATCH(TRUE, ISNUMBER(FIND(SUBSTITUTE(C8," ",""), Load_Booking_Report!AL:AL)), 0) )=0, "", INDEX(Load_Booking_Report!AM:AM, MATCH(TRUE, ISNUMBER(FIND(SUBSTITUTE(C8," ",""), Load_Booking_Report!AL:AL)), 0) ) ), "" )} | V8: {=IFERROR( IF( INDEX(Load_Booking_Report!AR:AR, MATCH(TRUE, ISNUMBER(FIND(SUBSTITUTE(C8," ",""), Load_Booking_Report!AL:AL)), 0) )=0, "", INDEX(Load_Booking_Report!AR:AR, MATCH(TRUE, ISNUMBER(FIND(SUBSTITUTE(C8," ",""), Load_Booking_Report!AL:AL)), 0) ) ), "" )} | W8: {=IFERROR(INDEX(Load_Booking_Report!F:F, MATCH(TRUE, ISNUMBER(FIND(SUBSTITUTE(C8," ",""), Load_Booking_Report!AL:AL)), 0)), "Not Found")} | X8: {=IFERROR(INDEX(Load_Booking_Report!N:N, MATCH(TRUE, ISNUMBER(FIND(SUBSTITUTE(C8," ",""), Load_Booking_Report!AL:AL)), 0)), "Not Found")} | Y8: {=IFERROR(INDEX(Load_Booking_Report!V:V, MATCH(TRUE, ISNUMBER(FIND(SUBSTITUTE(C8," ",""), Load_Booking_Report!AL:AL)), 0)), "Not Found")} | Z8: {=IFERROR(INDEX(Load_Booking_Report!BC:BC, MATCH(TRUE, ISNUMBER(FIND(SUBSTITUTE(C8," ",""), Load_Booking_Report!AL:AL)), 0)), "Not Found")}
A9: 27 | B9: 270108 | C9: ANON0000000 | D9: 20 | E9: USNYC | F9: RULED | G9: 27100 | H9: ART | I9: 22G1 | L9: 8'6 | M9: Full | N9: RUBLT | P9: =C9 | Q9: {=IFERROR(INDEX(Load_Booking_Report!AC:AC, MATCH(TRUE, ISNUMBER(FIND(SUBSTITUTE(C9," ",""), Load_Booking_Report!AL:AL)), 0)), "Not Found")} | R9: {=IFERROR(INDEX(Load_Booking_Report!C:C, MATCH(TRUE, ISNUMBER(FIND(SUBSTITUTE(C9," ",""), Load_Booking_Report!AL:AL)), 0)), "Not Found")} | S9: {=IFERROR(INDEX(Load_Booking_Report!AG:AG, MATCH(TRUE, ISNUMBER(FIND(SUBSTITUTE(C9," ",""), Load_Booking_Report!AL:AL)), 0)), "Not Found")} | T9: =G9 | U9: {=IFERROR( IF( INDEX(Load_Booking_Report!AM:AM, MATCH(TRUE, ISNUMBER(FIND(SUBSTITUTE(C9," ",""), Load_Booking_Report!AL:AL)), 0) )=0, "", INDEX(Load_Booking_Report!AM:AM, MATCH(TRUE, ISNUMBER(FIND(SUBSTITUTE(C9," ",""), Load_Booking_Report!AL:AL)), 0) ) ), "" )} | V9: {=IFERROR( IF( INDEX(Load_Booking_Report!AR:AR, MATCH(TRUE, ISNUMBER(FIND(SUBSTITUTE(C9," ",""), Load_Booking_Report!AL:AL)), 0) )=0, "", INDEX(Load_Booking_Report!AR:AR, MATCH(TRUE, ISNUMBER(FIND(SUBSTITUTE(C9," ",""), Load_Booking_Report!AL:AL)), 0) ) ), "" )} | W9: {=IFERROR(INDEX(Load_Booking_Report!F:F, MATCH(TRUE, ISNUMBER(FIND(SUBSTITUTE(C9," ",""), Load_Booking_Report!AL:AL)), 0)), "Not Found")} | X9: {=IFERROR(INDEX(Load_Booking_Report!N:N, MATCH(TRUE, ISNUMBER(FIND(SUBSTITUTE(C9," ",""), Load_Booking_Report!AL:AL)), 0)), "Not Found")} | Y9: {=IFERROR(INDEX(Load_Booking_Report!V:V, MATCH(TRUE, ISNUMBER(FIND(SUBSTITUTE(C9," ",""), Load_Booking_Report!AL:AL)), 0)), "Not Found")} | Z9: {=IFERROR(INDEX(Load_Booking_Report!BC:BC, MATCH(TRUE, ISNUMBER(FIND(SUBSTITUTE(C9," ",""), Load_Booking_Report!AL:AL)), 0)), "Not Found")}
A10: 25 | B10: 250108 | C10: ANON0000000 | D10: 20 | E10: USNYC | F10: RULED | G10: 27100 | H10: ART | I10: 22G1 | L10: 8'6 | M10: Full | N10: RULED | P10: =C10 | Q10: {=IFERROR(INDEX(Load_Booking_Report!AC:AC, MATCH(TRUE, ISNUMBER(FIND(SUBSTITUTE(C10," ",""), Load_Booking_Report!AL:AL)), 0)), "Not Found")} | R10: {=IFERROR(INDEX(Load_Booking_Report!C:C, MATCH(TRUE, ISNUMBER(FIND(SUBSTITUTE(C10," ",""), Load_Booking_Report!AL:AL)), 0)), "Not Found")} | S10: {=IFERROR(INDEX(Load_Booking_Report!AG:AG, MATCH(TRUE, ISNUMBER(FIND(SUBSTITUTE(C10," ",""), Load_Booking_Report!AL:AL)), 0)), "Not Found")} | T10: =G10 | U10: {=IFERROR( IF( INDEX(Load_Booking_Report!AM:AM, MATCH(TRUE, ISNUMBER(FIND(SUBSTITUTE(C10," ",""), Load_Booking_Report!AL:AL)), 0) )=0, "", INDEX(Load_Booking_Report!AM:AM, MATCH(TRUE, ISNUMBER(FIND(SUBSTITUTE(C10," ",""), Load_Booking_Report!AL:AL)), 0) ) ), "" )} | V10: {=IFERROR( IF( INDEX(Load_Booking_Report!AR:AR, MATCH(TRUE, ISNUMBER(FIND(SUBSTITUTE(C10," ",""), Load_Booking_Report!AL:AL)), 0) )=0, "", INDEX(Load_Booking_Report!AR:AR, MATCH(TRUE, ISNUMBER(FIND(SUBSTITUTE(C10," ",""), Load_Booking_Report!AL:AL)), 0) ) ), "" )} | W10: {=IFERROR(INDEX(Load_Booking_Report!F:F, MATCH(TRUE, ISNUMBER(FIND(SUBSTITUTE(C10," ",""), Load_Booking_Report!AL:AL)), 0)), "Not Found")} | X10: {=IFERROR(INDEX(Load_Booking_Report!N:N, MATCH(TRUE, ISNUMBER(FIND(SUBSTITUTE(C10," ",""), Load_Booking_Report!AL:AL)), 0)), "Not Found")} | Y10: {=IFERROR(INDEX(Load_Booking_Report!V:V, MATCH(TRUE, ISNUMBER(FIND(SUBSTITUTE(C10," ",""), Load_Booking_Report!AL:AL)), 0)), "Not Found")} | Z10: {=IFERROR(INDEX(Load_Booking_Report!BC:BC, MATCH(TRUE, ISNUMBER(FIND(SUBSTITUTE(C10," ",""), Load_Booking_Report!AL:AL)), 0)), "Not Found")}
A11: 25 | B11: 250106 | C11: ANON0000000 | D11: 20 | E11: USNYC | F11: RULED | G11: 26980 | H11: ART | I11: 22G1 | L11: 8'6 | M11: Full | N11: RULED | P11: =C11 | Q11: {=IFERROR(INDEX(Load_Booking_Report!AC:AC, MATCH(TRUE, ISNUMBER(FIND(SUBSTITUTE(C11," ",""), Load_Booking_Report!AL:AL)), 0)), "Not Found")} | R11: {=IFERROR(INDEX(Load_Booking_Report!C:C, MATCH(TRUE, ISNUMBER(FIND(SUBSTITUTE(C11," ",""), Load_Booking_Report!AL:AL)), 0)), "Not Found")} | S11: {=IFERROR(INDEX(Load_Booking_Report!AG:AG, MATCH(TRUE, ISNUMBER(FIND(SUBSTITUTE(C11," ",""), Load_Booking_Report!AL:AL)), 0)), "Not Found")} | T11: =G11 | U11: {=IFERROR( IF( INDEX(Load_Booking_Report!AM:AM, MATCH(TRUE, ISNUMBER(FIND(SUBSTITUTE(C11," ",""), Load_Booking_Report!AL:AL)), 0) )=0, "", INDEX(Load_Booking_Report!AM:AM, MATCH(TRUE, ISNUMBER(FIND(SUBSTITUTE(C11," ",""), Load_Booking_Report!AL:AL)), 0) ) ), "" )} | V11: {=IFERROR( IF( INDEX(Load_Booking_Report!AR:AR, MATCH(TRUE, ISNUMBER(FIND(SUBSTITUTE(C11," ",""), Load_Booking_Report!AL:AL)), 0) )=0, "", INDEX(Load_Booking_Report!AR:AR, MATCH(TRUE, ISNUMBER(FIND(SUBSTITUTE(C11," ",""), Load_Booking_Report!AL:AL)), 0) ) ), "" )} | W11: {=IFERROR(INDEX(Load_Booking_Report!F:F, MATCH(TRUE, ISNUMBER(FIND(SUBSTITUTE(C11," ",""), Load_Booking_Report!AL:AL)), 0)), "Not Found")} | X11: {=IFERROR(INDEX(Load_Booking_Report!N:N, MATCH(TRUE, ISNUMBER(FIND(SUBSTITUTE(C11," ",""), Load_Booking_Report!AL:AL)), 0)), "Not Found")} | Y11: {=IFERROR(INDEX(Load_Booking_Report!V:V, MATCH(TRUE, ISNUMBER(FIND(SUBSTITUTE(C11," ",""), Load_Booking_Report!AL:AL)), 0)), "Not Found")} | Z11: {=IFERROR(INDEX(Load_Booking_Report!BC:BC, MATCH(TRUE, ISNUMBER(FIND(SUBSTITUTE(C11," ",""), Load_Booking_Report!AL:AL)), 0)), "Not Found")}
A12: 7 | B12: 70508 | C12: ANON0000000 | D12: 20 | E12: USNFK | F12: RULED | G12: 28300 | H12: ART | I12: 22G1 | L12: 8'6 | M12: Full | N12: RULED | P12: =C12 | Q12: {=IFERROR(INDEX(Load_Booking_Report!AC:AC, MATCH(TRUE, ISNUMBER(FIND(SUBSTITUTE(C12," ",""), Load_Booking_Report!AL:AL)), 0)), "Not Found")} | R12: {=IFERROR(INDEX(Load_Booking_Report!C:C, MATCH(TRUE, ISNUMBER(FIND(SUBSTITUTE(C12," ",""), Load_Booking_Report!AL:AL)), 0)), "Not Found")} | S12: {=IFERROR(INDEX(Load_Booking_Report!AG:AG, MATCH(TRUE, ISNUMBER(FIND(SUBSTITUTE(C12," ",""), Load_Booking_Report!AL:AL)), 0)), "Not Found")} | T12: =G12 | U12: {=IFERROR( IF( INDEX(Load_Booking_Report!AM:AM, MATCH(TRUE, ISNUMBER(FIND(SUBSTITUTE(C12," ",""), Load_Booking_Report!AL:AL)), 0) )=0, "", INDEX(Load_Booking_Report!AM:AM, MATCH(TRUE, ISNUMBER(FIND(SUBSTITUTE(C12," ",""), Load_Booking_Report!AL:AL)), 0) ) ), "" )} | V12: {=IFERROR( IF( INDEX(Load_Booking_Report!AR:AR, MATCH(TRUE, ISNUMBER(FIND(SUBSTITUTE(C12," ",""), Load_Booking_Report!AL:AL)), 0) )=0, "", INDEX(Load_Booking_Report!AR:AR, MATCH(TRUE, ISNUMBER(FIND(SUBSTITUTE(C12," ",""), Load_Booking_Report!AL:AL)), 0) ) ), "" )} | W12: {=IFERROR(INDEX(Load_Booking_Report!F:F, MATCH(TRUE, ISNUMBER(FIND(SUBSTITUTE(C12," ",""), Load_Booking_Report!AL:AL)), 0)), "Not Found")} | X12: {=IFERROR(INDEX(Load_Booking_Report!N:N, MATCH(TRUE, ISNUMBER(FIND(SUBSTITUTE(C12," ",""), Load_Booking_Report!AL:AL)), 0)), "Not Found")} | Y12: {=IFERROR(INDEX(Load_Booking_Report!V:V, MATCH(TRUE, ISNUMBER(FIND(SUBSTITUTE(C12," ",""), Load_Booking_Report!AL:AL)), 0)), "Not Found")} | Z12: {=IFERROR(INDEX(Load_Booking_Report!BC:BC, MATCH(TRUE, ISNUMBER(FIND(SUBSTITUTE(C12," ",""), Load_Booking_Report!AL:AL)), 0)), "Not Found")}
A13: 31 | B13: 310404 | C13: ANON0000000 | D13: 20 | E13: USNFK | F13: RULED | G13: 27900 | H13: ART | I13: 22G1 | L13: OOG | M13: Full | N13: RULED | P13: =C13 | Q13: {=IFERROR(INDEX(Load_Booking_Report!AC:AC, MATCH(TRUE, ISNUMBER(FIND(SUBSTITUTE(C13," ",""), Load_Booking_Report!AL:AL)), 0)), "Not Found")} | R13: {=IFERROR(INDEX(Load_Booking_Report!C:C, MATCH(TRUE, ISNUMBER(FIND(SUBSTITUTE(C13," ",""), Load_Booking_Report!AL:AL)), 0)), "Not Found")} | S13: {=IFERROR(INDEX(Load_Booking_Report!AG:AG, MATCH(TRUE, ISNUMBER(FIND(SUBSTITUTE(C13," ",""), Load_Booking_Report!AL:AL)), 0)), "Not Found")} | T13: =G13 | U13: {=IFERROR( IF( INDEX(Load_Booking_Report!AM:AM, MATCH(TRUE, ISNUMBER(FIND(SUBSTITUTE(C13," ",""), Load_Booking_Report!AL:AL)), 0) )=0, "", INDEX(Load_Booking_Report!AM:AM, MATCH(TRUE, ISNUMBER(FIND(SUBSTITUTE(C13," ",""), Load_Booking_Report!AL:AL)), 0) ) ), "" )} | V13: {=IFERROR( IF( INDEX(Load_Booking_Report!AR:AR, MATCH(TRUE, ISNUMBER(FIND(SUBSTITUTE(C13," ",""), Load_Booking_Report!AL:AL)), 0) )=0, "", INDEX(Load_Booking_Report!AR:AR, MATCH(TRUE, ISNUMBER(FIND(SUBSTITUTE(C13," ",""), Load_Booking_Report!AL:AL)), 0) ) ), "" )} | W13: {=IFERROR(INDEX(Load_Booking_Report!F:F, MATCH(TRUE, ISNUMBER(FIND(SUBSTITUTE(C13," ",""), Load_Booking_Report!AL:AL)), 0)), "Not Found")} | X13: {=IFERROR(INDEX(Load_Booking_Report!N:N, MATCH(TRUE, ISNUMBER(FIND(SUBSTITUTE(C13," ",""), Load_Booking_Report!AL:AL)), 0)), "Not Found")} | Y13: {=IFERROR(INDEX(Load_Booking_Report!V:V, MATCH(TRUE, ISNUMBER(FIND(SUBSTITUTE(C13," ",""), Load_Booking_Report!AL:AL)), 0)), "Not Found")} | Z13: {=IFERROR(INDEX(Load_Booking_Report!BC:BC, MATCH(TRUE, ISNUMBER(FIND(SUBSTITUTE(C13," ",""), Load_Booking_Report!AL:AL)), 0)), "Not Found")}
... A221: 34 | B221: 340086 | C221: ANON0000000 | D221: 40 | E221: USNFK | F221: RULED | G221: 16170 | H221: ART | I221: 45P3 | L221: OOG | M221: Full | N221: RULED | P221: =C221 | Q221: {=IFERROR(INDEX(Load_Booking_Report!AC:AC, MATCH(TRUE, ISNUMBER(FIND(SUBSTITUTE(C221," ",""), Load_Booking_Report!AL:AL)), 0)), "Not Found")} | R221: {=IFERROR(INDEX(Load_Booking_Report!C:C, MATCH(TRUE, ISNUMBER(FIND(SUBSTITUTE(C221," ",""), Load_Booking_Report!AL:AL)), 0)), "Not Found")} | S221: {=IFERROR(INDEX(Load_Booking_Report!AG:AG, MATCH(TRUE, ISNUMBER(FIND(SUBSTITUTE(C221," ",""), Load_Booking_Report!AL:AL)), 0)), "Not Found")} | T221: =G221 | U221: {=IFERROR( IF( INDEX(Load_Booking_Report!AM:AM, MATCH(TRUE, ISNUMBER(FIND(SUBSTITUTE(C221," ",""), Load_Booking_Report!AL:AL)), 0) )=0, "", INDEX(Load_Booking_Report!AM:AM, MATCH(TRUE, ISNUMBER(FIND(SUBSTITUTE(C221," ",""), Load_Booking_Report!AL:AL)), 0) ) ), "" )} | V221: {=IFERROR( IF( INDEX(Load_Booking_Report!AR:AR, MATCH(TRUE, ISNUMBER(FIND(SUBSTITUTE(C221," ",""), Load_Booking_Report!AL:AL)), 0) )=0, "", INDEX(Load_Booking_Report!AR:AR, MATCH(TRUE, ISNUMBER(FIND(SUBSTITUTE(C221," ",""), Load_Booking_Report!AL:AL)), 0) ) ), "" )} | W221: {=IFERROR(INDEX(Load_Booking_Report!F:F, MATCH(TRUE, ISNUMBER(FIND(SUBSTITUTE(C221," ",""), Load_Booking_Report!AL:AL)), 0)), "Not Found")} | X221: {=IFERROR(INDEX(Load_Booking_Report!N:N, MATCH(TRUE, ISNUMBER(FIND(SUBSTITUTE(C221," ",""), Load_Booking_Report!AL:AL)), 0)), "Not Found")} | Y221: {=IFERROR(INDEX(Load_Booking_Report!V:V, MATCH(TRUE, ISNUMBER(FIND(SUBSTITUTE(C221," ",""), Load_Booking_Report!AL:AL)), 0)), "Not Found")} | Z221: {=IFERROR(INDEX(Load_Booking_Report!BC:BC, MATCH(TRUE, ISNUMBER(FIND(SUBSTITUTE(C221," ",""), Load_Booking_Report!AL:AL)), 0)), "Not Found")}
A222: 26 | B222: 261082 | C222: ANON0000000 | D222: 40 | E222: USHOU | F222: RUBLT | G222: 33230 | H222: ART | I222: 45R0 | K222: -22.0:CEL | L222: 9'6 | M222: Full | N222: RULED | P222: =C222 | Q222: {=IFERROR(INDEX(Load_Booking_Report!AC:AC, MATCH(TRUE, ISNUMBER(FIND(SUBSTITUTE(C222," ",""), Load_Booking_Report!AL:AL)), 0)), "Not Found")} | R222: {=IFERROR(INDEX(Load_Booking_Report!C:C, MATCH(TRUE, ISNUMBER(FIND(SUBSTITUTE(C222," ",""), Load_Booking_Report!AL:AL)), 0)), "Not Found")} | S222: {=IFERROR(INDEX(Load_Booking_Report!AG:AG, MATCH(TRUE, ISNUMBER(FIND(SUBSTITUTE(C222," ",""), Load_Booking_Report!AL:AL)), 0)), "Not Found")} | T222: =G222 | U222: {=IFERROR( IF( INDEX(Load_Booking_Report!AM:AM, MATCH(TRUE, ISNUMBER(FIND(SUBSTITUTE(C222," ",""), Load_Booking_Report!AL:AL)), 0) )=0, "", INDEX(Load_Booking_Report!AM:AM, MATCH(TRUE, ISNUMBER(FIND(SUBSTITUTE(C222," ",""), Load_Booking_Report!AL:AL)), 0) ) ), "" )} | V222: {=IFERROR( IF( INDEX(Load_Booking_Report!AR:AR, MATCH(TRUE, ISNUMBER(FIND(SUBSTITUTE(C222," ",""), Load_Booking_Report!AL:AL)), 0) )=0, "", INDEX(Load_Booking_Report!AR:AR, MATCH(TRUE, ISNUMBER(FIND(SUBSTITUTE(C222," ",""), Load_Booking_Report!AL:AL)), 0) ) ), "" )} | W222: {=IFERROR(INDEX(Load_Booking_Report!F:F, MATCH(TRUE, ISNUMBER(FIND(SUBSTITUTE(C222," ",""), Load_Booking_Report!AL:AL)), 0)), "Not Found")} | X222: {=IFERROR(INDEX(Load_Booking_Report!N:N, MATCH(TRUE, ISNUMBER(FIND(SUBSTITUTE(C222," ",""), Load_Booking_Report!AL:AL)), 0)), "Not Found")} | Y222: {=IFERROR(INDEX(Load_Booking_Report!V:V, MATCH(TRUE, ISNUMBER(FIND(SUBSTITUTE(C222," ",""), Load_Booking_Report!AL:AL)), 0)), "Not Found")} | Z222: {=IFERROR(INDEX(Load_Booking_Report!BC:BC, MATCH(TRUE, ISNUMBER(FIND(SUBSTITUTE(C222," ",""), Load_Booking_Report!AL:AL)), 0)), "Not Found")}
A223: 26 | B223: 260886 | C223: ANON0000000 | D223: 40 | E223: USHOU | F223: RUBLT | G223: 33130 | H223: ART | I223: 45R0 | K223: -22.0:CEL | L223: 9'6 | M223: Full | N223: RULED | P223: =C223 | Q223: {=IFERROR(INDEX(Load_Booking_Report!AC:AC, MATCH(TRUE, ISNUMBER(FIND(SUBSTITUTE(C223," ",""), Load_Booking_Report!AL:AL)), 0)), "Not Found")} | R223: {=IFERROR(INDEX(Load_Booking_Report!C:C, MATCH(TRUE, ISNUMBER(FIND(SUBSTITUTE(C223," ",""), Load_Booking_Report!AL:AL)), 0)), "Not Found")} | S223: {=IFERROR(INDEX(Load_Booking_Report!AG:AG, MATCH(TRUE, ISNUMBER(FIND(SUBSTITUTE(C223," ",""), Load_Booking_Report!AL:AL)), 0)), "Not Found")} | T223: =G223 | U223: {=IFERROR( IF( INDEX(Load_Booking_Report!AM:AM, MATCH(TRUE, ISNUMBER(FIND(SUBSTITUTE(C223," ",""), Load_Booking_Report!AL:AL)), 0) )=0, "", INDEX(Load_Booking_Report!AM:AM, MATCH(TRUE, ISNUMBER(FIND(SUBSTITUTE(C223," ",""), Load_Booking_Report!AL:AL)), 0) ) ), "" )} | V223: {=IFERROR( IF( INDEX(Load_Booking_Report!AR:AR, MATCH(TRUE, ISNUMBER(FIND(SUBSTITUTE(C223," ",""), Load_Booking_Report!AL:AL)), 0) )=0, "", INDEX(Load_Booking_Report!AR:AR, MATCH(TRUE, ISNUMBER(FIND(SUBSTITUTE(C223," ",""), Load_Booking_Report!AL:AL)), 0) ) ), "" )} | W223: {=IFERROR(INDEX(Load_Booking_Report!F:F, MATCH(TRUE, ISNUMBER(FIND(SUBSTITUTE(C223," ",""), Load_Booking_Report!AL:AL)), 0)), "Not Found")} | X223: {=IFERROR(INDEX(Load_Booking_Report!N:N, MATCH(TRUE, ISNUMBER(FIND(SUBSTITUTE(C223," ",""), Load_Booking_Report!AL:AL)), 0)), "Not Found")} | Y223: {=IFERROR(INDEX(Load_Booking_Report!V:V, MATCH(TRUE, ISNUMBER(FIND(SUBSTITUTE(C223," ",""), Load_Booking_Report!AL:AL)), 0)), "Not Found")} | Z223: {=IFERROR(INDEX(Load_Booking_Report!BC:BC, MATCH(TRUE, ISNUMBER(FIND(SUBSTITUTE(C223," ",""), Load_Booking_Report!AL:AL)), 0)), "Not Found")}
A224: 26 | B224: 260984 | C224: ANON0000000 | D224: 40 | E224: USHOU | F224: RUBLT | G224: 33040 | H224: ART | I224: 45R0 | K224: -22.0:CEL | L224: 9'6 | M224: Full | N224: RULED | P224: =C224 | Q224: {=IFERROR(INDEX(Load_Booking_Report!AC:AC, MATCH(TRUE, ISNUMBER(FIND(SUBSTITUTE(C224," ",""), Load_Booking_Report!AL:AL)), 0)), "Not Found")} | R224: {=IFERROR(INDEX(Load_Booking_Report!C:C, MATCH(TRUE, ISNUMBER(FIND(SUBSTITUTE(C224," ",""), Load_Booking_Report!AL:AL)), 0)), "Not Found")} | S224: {=IFERROR(INDEX(Load_Booking_Report!AG:AG, MATCH(TRUE, ISNUMBER(FIND(SUBSTITUTE(C224," ",""), Load_Booking_Report!AL:AL)), 0)), "Not Found")} | T224: =G224 | U224: {=IFERROR( IF( INDEX(Load_Booking_Report!AM:AM, MATCH(TRUE, ISNUMBER(FIND(SUBSTITUTE(C224," ",""), Load_Booking_Report!AL:AL)), 0) )=0, "", INDEX(Load_Booking_Report!AM:AM, MATCH(TRUE, ISNUMBER(FIND(SUBSTITUTE(C224," ",""), Load_Booking_Report!AL:AL)), 0) ) ), "" )} | V224: {=IFERROR( IF( INDEX(Load_Booking_Report!AR:AR, MATCH(TRUE, ISNUMBER(FIND(SUBSTITUTE(C224," ",""), Load_Booking_Report!AL:AL)), 0) )=0, "", INDEX(Load_Booking_Report!AR:AR, MATCH(TRUE, ISNUMBER(FIND(SUBSTITUTE(C224," ",""), Load_Booking_Report!AL:AL)), 0) ) ), "" )} | W224: {=IFERROR(INDEX(Load_Booking_Report!F:F, MATCH(TRUE, ISNUMBER(FIND(SUBSTITUTE(C224," ",""), Load_Booking_Report!AL:AL)), 0)), "Not Found")} | X224: {=IFERROR(INDEX(Load_Booking_Report!N:N, MATCH(TRUE, ISNUMBER(FIND(SUBSTITUTE(C224," ",""), Load_Booking_Report!AL:AL)), 0)), "Not Found")} | Y224: {=IFERROR(INDEX(Load_Booking_Report!V:V, MATCH(TRUE, ISNUMBER(FIND(SUBSTITUTE(C224," ",""), Load_Booking_Report!AL:AL)), 0)), "Not Found")} | Z224: {=IFERROR(INDEX(Load_Booking_Report!BC:BC, MATCH(TRUE, ISNUMBER(FIND(SUBSTITUTE(C224," ",""), Load_Booking_Report!AL:AL)), 0)), "Not Found")}
A225: 26 | B225: 260884 | C225: ANON0000000 | D225: 40 | E225: USHOU | F225: RUBLT | G225: 32864 | H225: ART | I225: 45R0 | K225: -22.0:CEL | L225: 9'6 | M225: Full | N225: RULED | P225: =C225 | Q225: {=IFERROR(INDEX(Load_Booking_Report!AC:AC, MATCH(TRUE, ISNUMBER(FIND(SUBSTITUTE(C225," ",""), Load_Booking_Report!AL:AL)), 0)), "Not Found")} | R225: {=IFERROR(INDEX(Load_Booking_Report!C:C, MATCH(TRUE, ISNUMBER(FIND(SUBSTITUTE(C225," ",""), Load_Booking_Report!AL:AL)), 0)), "Not Found")} | S225: {=IFERROR(INDEX(Load_Booking_Report!AG:AG, MATCH(TRUE, ISNUMBER(FIND(SUBSTITUTE(C225," ",""), Load_Booking_Report!AL:AL)), 0)), "Not Found")} | T225: =G225 | U225: {=IFERROR( IF( INDEX(Load_Booking_Report!AM:AM, MATCH(TRUE, ISNUMBER(FIND(SUBSTITUTE(C225," ",""), Load_Booking_Report!AL:AL)), 0) )=0, "", INDEX(Load_Booking_Report!AM:AM, MATCH(TRUE, ISNUMBER(FIND(SUBSTITUTE(C225," ",""), Load_Booking_Report!AL:AL)), 0) ) ), "" )} | V225: {=IFERROR( IF( INDEX(Load_Booking_Report!AR:AR, MATCH(TRUE, ISNUMBER(FIND(SUBSTITUTE(C225," ",""), Load_Booking_Report!AL:AL)), 0) )=0, "", INDEX(Load_Booking_Report!AR:AR, MATCH(TRUE, ISNUMBER(FIND(SUBSTITUTE(C225," ",""), Load_Booking_Report!AL:AL)), 0) ) ), "" )} | W225: {=IFERROR(INDEX(Load_Booking_Report!F:F, MATCH(TRUE, ISNUMBER(FIND(SUBSTITUTE(C225," ",""), Load_Booking_Report!AL:AL)), 0)), "Not Found")} | X225: {=IFERROR(INDEX(Load_Booking_Report!N:N, MATCH(TRUE, ISNUMBER(FIND(SUBSTITUTE(C225," ",""), Load_Booking_Report!AL:AL)), 0)), "Not Found")} | Y225: {=IFERROR(INDEX(Load_Booking_Report!V:V, MATCH(TRUE, ISNUMBER(FIND(SUBSTITUTE(C225," ",""), Load_Booking_Report!AL:AL)), 0)), "Not Found")} | Z225: {=IFERROR(INDEX(Load_Booking_Report!BC:BC, MATCH(TRUE, ISNUMBER(FIND(SUBSTITUTE(C225," ",""), Load_Booking_Report!AL:AL)), 0)), "Not Found")}
A226: 26 | B226: 260684 | C226: ANON0000000 | D226: 40 | E226: USNYC | F226: RUBLT | G226: 33218 | H226: ART | I226: 45R0 | K226: -22.0:CEL | L226: 9'6 | M226: Full | N226: RULED | P226: =C226 | Q226: {=IFERROR(INDEX(Load_Booking_Report!AC:AC, MATCH(TRUE, ISNUMBER(FIND(SUBSTITUTE(C226," ",""), Load_Booking_Report!AL:AL)), 0)), "Not Found")} | R226: {=IFERROR(INDEX(Load_Booking_Report!C:C, MATCH(TRUE, ISNUMBER(FIND(SUBSTITUTE(C226," ",""), Load_Booking_Report!AL:AL)), 0)), "Not Found")} | S226: {=IFERROR(INDEX(Load_Booking_Report!AG:AG, MATCH(TRUE, ISNUMBER(FIND(SUBSTITUTE(C226," ",""), Load_Booking_Report!AL:AL)), 0)), "Not Found")} | T226: =G226 | U226: {=IFERROR( IF( INDEX(Load_Booking_Report!AM:AM, MATCH(TRUE, ISNUMBER(FIND(SUBSTITUTE(C226," ",""), Load_Booking_Report!AL:AL)), 0) )=0, "", INDEX(Load_Booking_Report!AM:AM, MATCH(TRUE, ISNUMBER(FIND(SUBSTITUTE(C226," ",""), Load_Booking_Report!AL:AL)), 0) ) ), "" )} | V226: {=IFERROR( IF( INDEX(Load_Booking_Report!AR:AR, MATCH(TRUE, ISNUMBER(FIND(SUBSTITUTE(C226," ",""), Load_Booking_Report!AL:AL)), 0) )=0, "", INDEX(Load_Booking_Report!AR:AR, MATCH(TRUE, ISNUMBER(FIND(SUBSTITUTE(C226," ",""), Load_Booking_Report!AL:AL)), 0) ) ), "" )} | W226: {=IFERROR(INDEX(Load_Booking_Report!F:F, MATCH(TRUE, ISNUMBER(FIND(SUBSTITUTE(C226," ",""), Load_Booking_Report!AL:AL)), 0)), "Not Found")} | X226: {=IFERROR(INDEX(Load_Booking_Report!N:N, MATCH(TRUE, ISNUMBER(FIND(SUBSTITUTE(C226," ",""), Load_Booking_Report!AL:AL)), 0)), "Not Found")} | Y226: {=IFERROR(INDEX(Load_Booking_Report!V:V, MATCH(TRUE, ISNUMBER(FIND(SUBSTITUTE(C226," ",""), Load_Booking_Report!AL:AL)), 0)), "Not Found")} | Z226: {=IFERROR(INDEX(Load_Booking_Report!BC:BC, MATCH(TRUE, ISNUMBER(FIND(SUBSTITUTE(C226," ",""), Load_Booking_Report!AL:AL)), 0)), "Not Found")}
A227: 34 | B227: 340884 | C227: ANON0000000 | D227: 40 | E227: USNFK | F227: RULED | G227: 29976 | H227: ART | I227: 45R1 | K227: -1.4:CEL | L227: OOG | M227: Full | N227: RULED | P227: =C227 | Q227: {=IFERROR(INDEX(Load_Booking_Report!AC:AC, MATCH(TRUE, ISNUMBER(FIND(SUBSTITUTE(C227," ",""), Load_Booking_Report!AL:AL)), 0)), "Not Found")} | R227: {=IFERROR(INDEX(Load_Booking_Report!C:C, MATCH(TRUE, ISNUMBER(FIND(SUBSTITUTE(C227," ",""), Load_Booking_Report!AL:AL)), 0)), "Not Found")} | S227: {=IFERROR(INDEX(Load_Booking_Report!AG:AG, MATCH(TRUE, ISNUMBER(FIND(SUBSTITUTE(C227," ",""), Load_Booking_Report!AL:AL)), 0)), "Not Found")} | T227: =G227 | U227: {=IFERROR( IF( INDEX(Load_Booking_Report!AM:AM, MATCH(TRUE, ISNUMBER(FIND(SUBSTITUTE(C227," ",""), Load_Booking_Report!AL:AL)), 0) )=0, "", INDEX(Load_Booking_Report!AM:AM, MATCH(TRUE, ISNUMBER(FIND(SUBSTITUTE(C227," ",""), Load_Booking_Report!AL:AL)), 0) ) ), "" )} | V227: {=IFERROR( IF( INDEX(Load_Booking_Report!AR:AR, MATCH(TRUE, ISNUMBER(FIND(SUBSTITUTE(C227," ",""), Load_Booking_Report!AL:AL)), 0) )=0, "", INDEX(Load_Booking_Report!AR:AR, MATCH(TRUE, ISNUMBER(FIND(SUBSTITUTE(C227," ",""), Load_Booking_Report!AL:AL)), 0) ) ), "" )} | W227: {=IFERROR(INDEX(Load_Booking_Report!F:F, MATCH(TRUE, ISNUMBER(FIND(SUBSTITUTE(C227," ",""), Load_Booking_Report!AL:AL)), 0)), "Not Found")} | X227: {=IFERROR(INDEX(Load_Booking_Report!N:N, MATCH(TRUE, ISNUMBER(FIND(SUBSTITUTE(C227," ",""), Load_Booking_Report!AL:AL)), 0)), "Not Found")} | Y227: {=IFERROR(INDEX(Load_Booking_Report!V:V, MATCH(TRUE, ISNUMBER(FIND(SUBSTITUTE(C227," ",""), Load_Booking_Report!AL:AL)), 0)), "Not Found")} | Z227: {=IFERROR(INDEX(Load_Booking_Report!BC:BC, MATCH(TRUE, ISNUMBER(FIND(SUBSTITUTE(C227," ",""), Load_Booking_Report!AL:AL)), 0)), "Not Found")}
A228: 34 | B228: 340982 | C228: ANON0000000 | D228: 40 | E228: USHOU | F228: RULED | G228: 32158 | H228: ART | I228: 45R1 | K228: -18.0:CEL | L228: 9'6 | M228: Full | N228: RULED | P228: =C228 | Q228: {=IFERROR(INDEX(Load_Booking_Report!AC:AC, MATCH(TRUE, ISNUMBER(FIND(SUBSTITUTE(C228," ",""), Load_Booking_Report!AL:AL)), 0)), "Not Found")} | R228: {=IFERROR(INDEX(Load_Booking_Report!C:C, MATCH(TRUE, ISNUMBER(FIND(SUBSTITUTE(C228," ",""), Load_Booking_Report!AL:AL)), 0)), "Not Found")} | S228: {=IFERROR(INDEX(Load_Booking_Report!AG:AG, MATCH(TRUE, ISNUMBER(FIND(SUBSTITUTE(C228," ",""), Load_Booking_Report!AL:AL)), 0)), "Not Found")} | T228: =G228 | U228: {=IFERROR( IF( INDEX(Load_Booking_Report!AM:AM, MATCH(TRUE, ISNUMBER(FIND(SUBSTITUTE(C228," ",""), Load_Booking_Report!AL:AL)), 0) )=0, "", INDEX(Load_Booking_Report!AM:AM, MATCH(TRUE, ISNUMBER(FIND(SUBSTITUTE(C228," ",""), Load_Booking_Report!AL:AL)), 0) ) ), "" )} | V228: {=IFERROR( IF( INDEX(Load_Booking_Report!AR:AR, MATCH(TRUE, ISNUMBER(FIND(SUBSTITUTE(C228," ",""), Load_Booking_Report!AL:AL)), 0) )=0, "", INDEX(Load_Booking_Report!AR:AR, MATCH(TRUE, ISNUMBER(FIND(SUBSTITUTE(C228," ",""), Load_Booking_Report!AL:AL)), 0) ) ), "" )} | W228: {=IFERROR(INDEX(Load_Booking_Report!F:F, MATCH(TRUE, ISNUMBER(FIND(SUBSTITUTE(C228," ",""), Load_Booking_Report!AL:AL)), 0)), "Not Found")} | X228: {=IFERROR(INDEX(Load_Booking_Report!N:N, MATCH(TRUE, ISNUMBER(FIND(SUBSTITUTE(C228," ",""), Load_Booking_Report!AL:AL)), 0)), "Not Found")} | Y228: {=IFERROR(INDEX(Load_Booking_Report!V:V, MATCH(TRUE, ISNUMBER(FIND(SUBSTITUTE(C228," ",""), Load_Booking_Report!AL:AL)), 0)), "Not Found")} | Z228: {=IFERROR(INDEX(Load_Booking_Report!BC:BC, MATCH(TRUE, ISNUMBER(FIND(SUBSTITUTE(C228," ",""), Load_Booking_Report!AL:AL)), 0)), "Not Found")}
A229: 26 | B229: 260384 | C229: ANON0000000 | D229: 40 | E229: USHOU | F229: RULED | G229: 27679 | H229: ART | I229: 45R1 | K229: 0.0:CEL | L229: 9'6 | M229: Full | N229: RULED | P229: =C229 | Q229: {=IFERROR(INDEX(Load_Booking_Report!AC:AC, MATCH(TRUE, ISNUMBER(FIND(SUBSTITUTE(C229," ",""), Load_Booking_Report!AL:AL)), 0)), "Not Found")} | R229: {=IFERROR(INDEX(Load_Booking_Report!C:C, MATCH(TRUE, ISNUMBER(FIND(SUBSTITUTE(C229," ",""), Load_Booking_Report!AL:AL)), 0)), "Not Found")} | S229: {=IFERROR(INDEX(Load_Booking_Report!AG:AG, MATCH(TRUE, ISNUMBER(FIND(SUBSTITUTE(C229," ",""), Load_Booking_Report!AL:AL)), 0)), "Not Found")} | T229: =G229 | U229: {=IFERROR( IF( INDEX(Load_Booking_Report!AM:AM, MATCH(TRUE, ISNUMBER(FIND(SUBSTITUTE(C229," ",""), Load_Booking_Report!AL:AL)), 0) )=0, "", INDEX(Load_Booking_Report!AM:AM, MATCH(TRUE, ISNUMBER(FIND(SUBSTITUTE(C229," ",""), Load_Booking_Report!AL:AL)), 0) ) ), "" )} | V229: {=IFERROR( IF( INDEX(Load_Booking_Report!AR:AR, MATCH(TRUE, ISNUMBER(FIND(SUBSTITUTE(C229," ",""), Load_Booking_Report!AL:AL)), 0) )=0, "", INDEX(Load_Booking_Report!AR:AR, MATCH(TRUE, ISNUMBER(FIND(SUBSTITUTE(C229," ",""), Load_Booking_Report!AL:AL)), 0) ) ), "" )} | W229: {=IFERROR(INDEX(Load_Booking_Report!F:F, MATCH(TRUE, ISNUMBER(FIND(SUBSTITUTE(C229," ",""), Load_Booking_Report!AL:AL)), 0)), "Not Found")} | X229: {=IFERROR(INDEX(Load_Booking_Report!N:N, MATCH(TRUE, ISNUMBER(FIND(SUBSTITUTE(C229," ",""), Load_Booking_Report!AL:AL)), 0)), "Not Found")} | Y229: {=IFERROR(INDEX(Load_Booking_Report!V:V, MATCH(TRUE, ISNUMBER(FIND(SUBSTITUTE(C229," ",""), Load_Booking_Report!AL:AL)), 0)), "Not Found")} | Z229: {=IFERROR(INDEX(Load_Booking_Report!BC:BC, MATCH(TRUE, ISNUMBER(FIND(SUBSTITUTE(C229," ",""), Load_Booking_Report!AL:AL)), 0)), "Not Found")}
A230: 26 | B230: 260882 | C230: ANON0000000 | D230: 40 | E230: USHOU | F230: RUBLT | G230: 33190 | H230: ART | I230: 45R1 | K230: -22.0:CEL | L230: 9'6 | M230: Full | N230: RULED | P230: =C230 | Q230: {=IFERROR(INDEX(Load_Booking_Report!AC:AC, MATCH(TRUE, ISNUMBER(FIND(SUBSTITUTE(C230," ",""), Load_Booking_Report!AL:AL)), 0)), "Not Found")} | R230: {=IFERROR(INDEX(Load_Booking_Report!C:C, MATCH(TRUE, ISNUMBER(FIND(SUBSTITUTE(C230," ",""), Load_Booking_Report!AL:AL)), 0)), "Not Found")} | S230: {=IFERROR(INDEX(Load_Booking_Report!AG:AG, MATCH(TRUE, ISNUMBER(FIND(SUBSTITUTE(C230," ",""), Load_Booking_Report!AL:AL)), 0)), "Not Found")} | T230: =G230 | U230: {=IFERROR( IF( INDEX(Load_Booking_Report!AM:AM, MATCH(TRUE, ISNUMBER(FIND(SUBSTITUTE(C230," ",""), Load_Booking_Report!AL:AL)), 0) )=0, "", INDEX(Load_Booking_Report!AM:AM, MATCH(TRUE, ISNUMBER(FIND(SUBSTITUTE(C230," ",""), Load_Booking_Report!AL:AL)), 0) ) ), "" )} | V230: {=IFERROR( IF( INDEX(Load_Booking_Report!AR:AR, MATCH(TRUE, ISNUMBER(FIND(SUBSTITUTE(C230," ",""), Load_Booking_Report!AL:AL)), 0) )=0, "", INDEX(Load_Booking_Report!AR:AR, MATCH(TRUE, ISNUMBER(FIND(SUBSTITUTE(C230," ",""), Load_Booking_Report!AL:AL)), 0) ) ), "" )} | W230: {=IFERROR(INDEX(Load_Booking_Report!F:F, MATCH(TRUE, ISNUMBER(FIND(SUBSTITUTE(C230," ",""), Load_Booking_Report!AL:AL)), 0)), "Not Found")} | X230: {=IFERROR(INDEX(Load_Booking_Report!N:N, MATCH(TRUE, ISNUMBER(FIND(SUBSTITUTE(C230," ",""), Load_Booking_Report!AL:AL)), 0)), "Not Found")} | Y230: {=IFERROR(INDEX(Load_Booking_Report!V:V, MATCH(TRUE, ISNUMBER(FIND(SUBSTITUTE(C230," ",""), Load_Booking_Report!AL:AL)), 0)), "Not Found")} | Z230: {=IFERROR(INDEX(Load_Booking_Report!BC:BC, MATCH(TRUE, ISNUMBER(FIND(SUBSTITUTE(C230," ",""), Load_Booking_Report!AL:AL)), 0)), "Not Found")}
A231: 34 | B231: 341084 | C231: ANON0000000 | D231: 40 | E231: USNFK | F231: RULED | G231: 25367 | H231: ART | I231: 45R1 | K231: 10.0:CEL | L231: OOG | M231: Full | N231: RULED | P231: =C231 | Q231: {=IFERROR(INDEX(Load_Booking_Report!AC:AC, MATCH(TRUE, ISNUMBER(FIND(SUBSTITUTE(C231," ",""), Load_Booking_Report!AL:AL)), 0)), "Not Found")} | R231: {=IFERROR(INDEX(Load_Booking_Report!C:C, MATCH(TRUE, ISNUMBER(FIND(SUBSTITUTE(C231," ",""), Load_Booking_Report!AL:AL)), 0)), "Not Found")} | S231: {=IFERROR(INDEX(Load_Booking_Report!AG:AG, MATCH(TRUE, ISNUMBER(FIND(SUBSTITUTE(C231," ",""), Load_Booking_Report!AL:AL)), 0)), "Not Found")} | T231: =G231 | U231: {=IFERROR( IF( INDEX(Load_Booking_Report!AM:AM, MATCH(TRUE, ISNUMBER(FIND(SUBSTITUTE(C231," ",""), Load_Booking_Report!AL:AL)), 0) )=0, "", INDEX(Load_Booking_Report!AM:AM, MATCH(TRUE, ISNUMBER(FIND(SUBSTITUTE(C231," ",""), Load_Booking_Report!AL:AL)), 0) ) ), "" )} | V231: {=IFERROR( IF( INDEX(Load_Booking_Report!AR:AR, MATCH(TRUE, ISNUMBER(FIND(SUBSTITUTE(C231," ",""), Load_Booking_Report!AL:AL)), 0) )=0, "", INDEX(Load_Booking_Report!AR:AR, MATCH(TRUE, ISNUMBER(FIND(SUBSTITUTE(C231," ",""), Load_Booking_Report!AL:AL)), 0) ) ), "" )} | W231: {=IFERROR(INDEX(Load_Booking_Report!F:F, MATCH(TRUE, ISNUMBER(FIND(SUBSTITUTE(C231," ",""), Load_Booking_Report!AL:AL)), 0)), "Not Found")} | X231: {=IFERROR(INDEX(Load_Booking_Report!N:N, MATCH(TRUE, ISNUMBER(FIND(SUBSTITUTE(C231," ",""), Load_Booking_Report!AL:AL)), 0)), "Not Found")} | Y231: {=IFERROR(INDEX(Load_Booking_Report!V:V, MATCH(TRUE, ISNUMBER(FIND(SUBSTITUTE(C231," ",""), Load_Booking_Report!AL:AL)), 0)), "Not Found")} | Z231: {=IFERROR(INDEX(Load_Booking_Report!BC:BC, MATCH(TRUE, ISNUMBER(FIND(SUBSTITUTE(C231," ",""), Load_Booking_Report!AL:AL)), 0)), "Not Found")}
A232: 34 | B232: 340682 | C232: ANON0000000 | D232: 40 | E232: USHOU | F232: RULED | G232: 32356 | H232: ART | I232: 45R1 | K232: -18.0:CEL | L232: 9'6 | M232: Full | N232: RULED | P232: =C232 | Q232: {=IFERROR(INDEX(Load_Booking_Report!AC:AC, MATCH(TRUE, ISNUMBER(FIND(SUBSTITUTE(C232," ",""), Load_Booking_Report!AL:AL)), 0)), "Not Found")} | R232: {=IFERROR(INDEX(Load_Booking_Report!C:C, MATCH(TRUE, ISNUMBER(FIND(SUBSTITUTE(C232," ",""), Load_Booking_Report!AL:AL)), 0)), "Not Found")} | S232: {=IFERROR(INDEX(Load_Booking_Report!AG:AG, MATCH(TRUE, ISNUMBER(FIND(SUBSTITUTE(C232," ",""), Load_Booking_Report!AL:AL)), 0)), "Not Found")} | T232: =G232 | U232: {=IFERROR( IF( INDEX(Load_Booking_Report!AM:AM, MATCH(TRUE, ISNUMBER(FIND(SUBSTITUTE(C232," ",""), Load_Booking_Report!AL:AL)), 0) )=0, "", INDEX(Load_Booking_Report!AM:AM, MATCH(TRUE, ISNUMBER(FIND(SUBSTITUTE(C232," ",""), Load_Booking_Report!AL:AL)), 0) ) ), "" )} | V232: {=IFERROR( IF( INDEX(Load_Booking_Report!AR:AR, MATCH(TRUE, ISNUMBER(FIND(SUBSTITUTE(C232," ",""), Load_Booking_Report!AL:AL)), 0) )=0, "", INDEX(Load_Booking_Report!AR:AR, MATCH(TRUE, ISNUMBER(FIND(SUBSTITUTE(C232," ",""), Load_Booking_Report!AL:AL)), 0) ) ), "" )} | W232: {=IFERROR(INDEX(Load_Booking_Report!F:F, MATCH(TRUE, ISNUMBER(FIND(SUBSTITUTE(C232," ",""), Load_Booking_Report!AL:AL)), 0)), "Not Found")} | X232: {=IFERROR(INDEX(Load_Booking_Report!N:N, MATCH(TRUE, ISNUMBER(FIND(SUBSTITUTE(C232," ",""), Load_Booking_Report!AL:AL)), 0)), "Not Found")} | Y232: {=IFERROR(INDEX(Load_Booking_Report!V:V, MATCH(TRUE, ISNUMBER(FIND(SUBSTITUTE(C232," ",""), Load_Booking_Report!AL:AL)), 0)), "Not Found")} | Z232: {=IFERROR(INDEX(Load_Booking_Report!BC:BC, MATCH(TRUE, ISNUMBER(FIND(SUBSTITUTE(C232," ",""), Load_Booking_Report!AL:AL)), 0)), "Not Found")}
A233: 40 | B233: 400882 | C233: ANON0000000 | D233: 40 | E233: USHOU | F233: RUBLT | G233: 33190 | H233: ART | I233: 45R1 | K233: -22.0:CEL | L233: 9'6 | M233: Full | N233: RULED | P233: =C233 | Q233: {=IFERROR(INDEX(Load_Booking_Report!AC:AC, MATCH(TRUE, ISNUMBER(FIND(SUBSTITUTE(C233," ",""), Load_Booking_Report!AL:AL)), 0)), "Not Found")} | R233: {=IFERROR(INDEX(Load_Booking_Report!C:C, MATCH(TRUE, ISNUMBER(FIND(SUBSTITUTE(C233," ",""), Load_Booking_Report!AL:AL)), 0)), "Not Found")} | S233: {=IFERROR(INDEX(Load_Booking_Report!AG:AG, MATCH(TRUE, ISNUMBER(FIND(SUBSTITUTE(C233," ",""), Load_Booking_Report!AL:AL)), 0)), "Not Found")} | T233: =G233 | U233: {=IFERROR( IF( INDEX(Load_Booking_Report!AM:AM, MATCH(TRUE, ISNUMBER(FIND(SUBSTITUTE(C233," ",""), Load_Booking_Report!AL:AL)), 0) )=0, "", INDEX(Load_Booking_Report!AM:AM, MATCH(TRUE, ISNUMBER(FIND(SUBSTITUTE(C233," ",""), Load_Booking_Report!AL:AL)), 0) ) ), "" )} | V233: {=IFERROR( IF( INDEX(Load_Booking_Report!AR:AR, MATCH(TRUE, ISNUMBER(FIND(SUBSTITUTE(C233," ",""), Load_Booking_Report!AL:AL)), 0) )=0, "", INDEX(Load_Booking_Report!AR:AR, MATCH(TRUE, ISNUMBER(FIND(SUBSTITUTE(C233," ",""), Load_Booking_Report!AL:AL)), 0) ) ), "" )} | W233: {=IFERROR(INDEX(Load_Booking_Report!F:F, MATCH(TRUE, ISNUMBER(FIND(SUBSTITUTE(C233," ",""), Load_Booking_Report!AL:AL)), 0)), "Not Found")} | X233: {=IFERROR(INDEX(Load_Booking_Report!N:N, MATCH(TRUE, ISNUMBER(FIND(SUBSTITUTE(C233," ",""), Load_Booking_Report!AL:AL)), 0)), "Not Found")} | Y233: {=IFERROR(INDEX(Load_Booking_Report!V:V, MATCH(TRUE, ISNUMBER(FIND(SUBSTITUTE(C233," ",""), Load_Booking_Report!AL:AL)), 0)), "Not Found")} | Z233: {=IFERROR(INDEX(Load_Booking_Report!BC:BC, MATCH(TRUE, ISNUMBER(FIND(SUBSTITUTE(C233," ",""), Load_Booking_Report!AL:AL)), 0)), "Not Found")}
... A273: 26 | B273: 260782 | C273: ANON0000000 | D273: 40 | E273: USNYC | F273: RUBLT | G273: 32650 | H273: ART | I273: 45RH | K273: -18.0:CEL | L273: 9'6 | M273: Full | N273: RULED | P273: =C273 | Q273: {=IFERROR(INDEX(Load_Booking_Report!AC:AC, MATCH(TRUE, ISNUMBER(FIND(SUBSTITUTE(C273," ",""), Load_Booking_Report!AL:AL)), 0)), "Not Found")} | R273: {=IFERROR(INDEX(Load_Booking_Report!C:C, MATCH(TRUE, ISNUMBER(FIND(SUBSTITUTE(C273," ",""), Load_Booking_Report!AL:AL)), 0)), "Not Found")} | S273: {=IFERROR(INDEX(Load_Booking_Report!AG:AG, MATCH(TRUE, ISNUMBER(FIND(SUBSTITUTE(C273," ",""), Load_Booking_Report!AL:AL)), 0)), "Not Found")} | T273: =G273 | U273: {=IFERROR( IF( INDEX(Load_Booking_Report!AM:AM, MATCH(TRUE, ISNUMBER(FIND(SUBSTITUTE(C273," ",""), Load_Booking_Report!AL:AL)), 0) )=0, "", INDEX(Load_Booking_Report!AM:AM, MATCH(TRUE, ISNUMBER(FIND(SUBSTITUTE(C273," ",""), Load_Booking_Report!AL:AL)), 0) ) ), "" )} | V273: {=IFERROR( IF( INDEX(Load_Booking_Report!AR:AR, MATCH(TRUE, ISNUMBER(FIND(SUBSTITUTE(C273," ",""), Load_Booking_Report!AL:AL)), 0) )=0, "", INDEX(Load_Booking_Report!AR:AR, MATCH(TRUE, ISNUMBER(FIND(SUBSTITUTE(C273," ",""), Load_Booking_Report!AL:AL)), 0) ) ), "" )} | W273: {=IFERROR(INDEX(Load_Booking_Report!F:F, MATCH(TRUE, ISNUMBER(FIND(SUBSTITUTE(C273," ",""), Load_Booking_Report!AL:AL)), 0)), "Not Found")} | X273: {=IFERROR(INDEX(Load_Booking_Report!N:N, MATCH(TRUE, ISNUMBER(FIND(SUBSTITUTE(C273," ",""), Load_Booking_Report!AL:AL)), 0)), "Not Found")} | Y273: {=IFERROR(INDEX(Load_Booking_Report!V:V, MATCH(TRUE, ISNUMBER(FIND(SUBSTITUTE(C273," ",""), Load_Booking_Report!AL:AL)), 0)), "Not Found")} | Z273: {=IFERROR(INDEX(Load_Booking_Report!BC:BC, MATCH(TRUE, ISNUMBER(FIND(SUBSTITUTE(C273," ",""), Load_Booking_Report!AL:AL)), 0)), "Not Found")}
A274: 31 | B274: 310402 | C274: ANON0000000 | D274: 20 | E274: USNFK | F274: RULED | G274: 26770 | H274: ART | I274: 22DC | L274: OOG | M274: Full | N274: RULED | P274: =C274 | Q274: {=IFERROR(INDEX(Load_Booking_Report!AC:AC, MATCH(TRUE, ISNUMBER(FIND(SUBSTITUTE(C274," ",""), Load_Booking_Report!AL:AL)), 0)), "Not Found")} | R274: {=IFERROR(INDEX(Load_Booking_Report!C:C, MATCH(TRUE, ISNUMBER(FIND(SUBSTITUTE(C274," ",""), Load_Booking_Report!AL:AL)), 0)), "Not Found")} | S274: {=IFERROR(INDEX(Load_Booking_Report!AG:AG, MATCH(TRUE, ISNUMBER(FIND(SUBSTITUTE(C274," ",""), Load_Booking_Report!AL:AL)), 0)), "Not Found")} | T274: =G274 | U274: {=IFERROR( IF( INDEX(Load_Booking_Report!AM:AM, MATCH(TRUE, ISNUMBER(FIND(SUBSTITUTE(C274," ",""), Load_Booking_Report!AL:AL)), 0) )=0, "", INDEX(Load_Booking_Report!AM:AM, MATCH(TRUE, ISNUMBER(FIND(SUBSTITUTE(C274," ",""), Load_Booking_Report!AL:AL)), 0) ) ), "" )} | V274: {=IFERROR( IF( INDEX(Load_Booking_Report!AR:AR, MATCH(TRUE, ISNUMBER(FIND(SUBSTITUTE(C274," ",""), Load_Booking_Report!AL:AL)), 0) )=0, "", INDEX(Load_Booking_Report!AR:AR, MATCH(TRUE, ISNUMBER(FIND(SUBSTITUTE(C274," ",""), Load_Booking_Report!AL:AL)), 0) ) ), "" )} | W274: {=IFERROR(INDEX(Load_Booking_Report!F:F, MATCH(TRUE, ISNUMBER(FIND(SUBSTITUTE(C274," ",""), Load_Booking_Report!AL:AL)), 0)), "Not Found")} | X274: {=IFERROR(INDEX(Load_Booking_Report!N:N, MATCH(TRUE, ISNUMBER(FIND(SUBSTITUTE(C274," ",""), Load_Booking_Report!AL:AL)), 0)), "Not Found")} | Y274: {=IFERROR(INDEX(Load_Booking_Report!V:V, MATCH(TRUE, ISNUMBER(FIND(SUBSTITUTE(C274," ",""), Load_Booking_Report!AL:AL)), 0)), "Not Found")} | Z274: {=IFERROR(INDEX(Load_Booking_Report!BC:BC, MATCH(TRUE, ISNUMBER(FIND(SUBSTITUTE(C274," ",""), Load_Booking_Report!AL:AL)), 0)), "Not Found")}
A275: 31 | B275: 310602 | C275: ANON0000000 | D275: 20 | E275: USNFK | F275: RULED | G275: 26680 | H275: ART | I275: 22DC | L275: OOG | M275: Full | N275: RULED | P275: =C275 | Q275: {=IFERROR(INDEX(Load_Booking_Report!AC:AC, MATCH(TRUE, ISNUMBER(FIND(SUBSTITUTE(C275," ",""), Load_Booking_Report!AL:AL)), 0)), "Not Found")} | R275: {=IFERROR(INDEX(Load_Booking_Report!C:C, MATCH(TRUE, ISNUMBER(FIND(SUBSTITUTE(C275," ",""), Load_Booking_Report!AL:AL)), 0)), "Not Found")} | S275: {=IFERROR(INDEX(Load_Booking_Report!AG:AG, MATCH(TRUE, ISNUMBER(FIND(SUBSTITUTE(C275," ",""), Load_Booking_Report!AL:AL)), 0)), "Not Found")} | T275: =G275 | U275: {=IFERROR( IF( INDEX(Load_Booking_Report!AM:AM, MATCH(TRUE, ISNUMBER(FIND(SUBSTITUTE(C275," ",""), Load_Booking_Report!AL:AL)), 0) )=0, "", INDEX(Load_Booking_Report!AM:AM, MATCH(TRUE, ISNUMBER(FIND(SUBSTITUTE(C275," ",""), Load_Booking_Report!AL:AL)), 0) ) ), "" )} | V275: {=IFERROR( IF( INDEX(Load_Booking_Report!AR:AR, MATCH(TRUE, ISNUMBER(FIND(SUBSTITUTE(C275," ",""), Load_Booking_Report!AL:AL)), 0) )=0, "", INDEX(Load_Booking_Report!AR:AR, MATCH(TRUE, ISNUMBER(FIND(SUBSTITUTE(C275," ",""), Load_Booking_Report!AL:AL)), 0) ) ), "" )} | W275: {=IFERROR(INDEX(Load_Booking_Report!F:F, MATCH(TRUE, ISNUMBER(FIND(SUBSTITUTE(C275," ",""), Load_Booking_Report!AL:AL)), 0)), "Not Found")} | X275: {=IFERROR(INDEX(Load_Booking_Report!N:N, MATCH(TRUE, ISNUMBER(FIND(SUBSTITUTE(C275," ",""), Load_Booking_Report!AL:AL)), 0)), "Not Found")} | Y275: {=IFERROR(INDEX(Load_Booking_Report!V:V, MATCH(TRUE, ISNUMBER(FIND(SUBSTITUTE(C275," ",""), Load_Booking_Report!AL:AL)), 0)), "Not Found")} | Z275: {=IFERROR(INDEX(Load_Booking_Report!BC:BC, MATCH(TRUE, ISNUMBER(FIND(SUBSTITUTE(C275," ",""), Load_Booking_Report!AL:AL)), 0)), "Not Found")}
A276: 31 | B276: 310804 | C276: ANON0000000 | D276: 20 | E276: USNFK | F276: RULED | G276: 25972 | H276: ART | I276: 22DC | L276: OOG | M276: Full | N276: RULED | P276: =C276 | Q276: {=IFERROR(INDEX(Load_Booking_Report!AC:AC, MATCH(TRUE, ISNUMBER(FIND(SUBSTITUTE(C276," ",""), Load_Booking_Report!AL:AL)), 0)), "Not Found")} | R276: {=IFERROR(INDEX(Load_Booking_Report!C:C, MATCH(TRUE, ISNUMBER(FIND(SUBSTITUTE(C276," ",""), Load_Booking_Report!AL:AL)), 0)), "Not Found")} | S276: {=IFERROR(INDEX(Load_Booking_Report!AG:AG, MATCH(TRUE, ISNUMBER(FIND(SUBSTITUTE(C276," ",""), Load_Booking_Report!AL:AL)), 0)), "Not Found")} | T276: =G276 | U276: {=IFERROR( IF( INDEX(Load_Booking_Report!AM:AM, MATCH(TRUE, ISNUMBER(FIND(SUBSTITUTE(C276," ",""), Load_Booking_Report!AL:AL)), 0) )=0, "", INDEX(Load_Booking_Report!AM:AM, MATCH(TRUE, ISNUMBER(FIND(SUBSTITUTE(C276," ",""), Load_Booking_Report!AL:AL)), 0) ) ), "" )} | V276: {=IFERROR( IF( INDEX(Load_Booking_Report!AR:AR, MATCH(TRUE, ISNUMBER(FIND(SUBSTITUTE(C276," ",""), Load_Booking_Report!AL:AL)), 0) )=0, "", INDEX(Load_Booking_Report!AR:AR, MATCH(TRUE, ISNUMBER(FIND(SUBSTITUTE(C276," ",""), Load_Booking_Report!AL:AL)), 0) ) ), "" )} | W276: {=IFERROR(INDEX(Load_Booking_Report!F:F, MATCH(TRUE, ISNUMBER(FIND(SUBSTITUTE(C276," ",""), Load_Booking_Report!AL:AL)), 0)), "Not Found")} | X276: {=IFERROR(INDEX(Load_Booking_Report!N:N, MATCH(TRUE, ISNUMBER(FIND(SUBSTITUTE(C276," ",""), Load_Booking_Report!AL:AL)), 0)), "Not Found")} | Y276: {=IFERROR(INDEX(Load_Booking_Report!V:V, MATCH(TRUE, ISNUMBER(FIND(SUBSTITUTE(C276," ",""), Load_Booking_Report!AL:AL)), 0)), "Not Found")} | Z276: {=IFERROR(INDEX(Load_Booking_Report!BC:BC, MATCH(TRUE, ISNUMBER(FIND(SUBSTITUTE(C276," ",""), Load_Booking_Report!AL:AL)), 0)), "Not Found")}
A277: 17 | B277: 170502 | C277: ANON0000000 | D277: 20 | E277: USNFK | F277: RULED | G277: 26725 | H277: ART | I277: 22DC | L277: OOG | M277: Full | N277: RULED | P277: =C277 | Q277: {=IFERROR(INDEX(Load_Booking_Report!AC:AC, MATCH(TRUE, ISNUMBER(FIND(SUBSTITUTE(C277," ",""), Load_Booking_Report!AL:AL)), 0)), "Not Found")} | R277: {=IFERROR(INDEX(Load_Booking_Report!C:C, MATCH(TRUE, ISNUMBER(FIND(SUBSTITUTE(C277," ",""), Load_Booking_Report!AL:AL)), 0)), "Not Found")} | S277: {=IFERROR(INDEX(Load_Booking_Report!AG:AG, MATCH(TRUE, ISNUMBER(FIND(SUBSTITUTE(C277," ",""), Load_Booking_Report!AL:AL)), 0)), "Not Found")} | T277: =G277 | U277: {=IFERROR( IF( INDEX(Load_Booking_Report!AM:AM, MATCH(TRUE, ISNUMBER(FIND(SUBSTITUTE(C277," ",""), Load_Booking_Report!AL:AL)), 0) )=0, "", INDEX(Load_Booking_Report!AM:AM, MATCH(TRUE, ISNUMBER(FIND(SUBSTITUTE(C277," ",""), Load_Booking_Report!AL:AL)), 0) ) ), "" )} | V277: {=IFERROR( IF( INDEX(Load_Booking_Report!AR:AR, MATCH(TRUE, ISNUMBER(FIND(SUBSTITUTE(C277," ",""), Load_Booking_Report!AL:AL)), 0) )=0, "", INDEX(Load_Booking_Report!AR:AR, MATCH(TRUE, ISNUMBER(FIND(SUBSTITUTE(C277," ",""), Load_Booking_Report!AL:AL)), 0) ) ), "" )} | W277: {=IFERROR(INDEX(Load_Booking_Report!F:F, MATCH(TRUE, ISNUMBER(FIND(SUBSTITUTE(C277," ",""), Load_Booking_Report!AL:AL)), 0)), "Not Found")} | X277: {=IFERROR(INDEX(Load_Booking_Report!N:N, MATCH(TRUE, ISNUMBER(FIND(SUBSTITUTE(C277," ",""), Load_Booking_Report!AL:AL)), 0)), "Not Found")} | Y277: {=IFERROR(INDEX(Load_Booking_Report!V:V, MATCH(TRUE, ISNUMBER(FIND(SUBSTITUTE(C277," ",""), Load_Booking_Report!AL:AL)), 0)), "Not Found")} | Z277: {=IFERROR(INDEX(Load_Booking_Report!BC:BC, MATCH(TRUE, ISNUMBER(FIND(SUBSTITUTE(C277," ",""), Load_Booking_Report!AL:AL)), 0)), "Not Found")}
A278: 19 | B278: 190702 | C278: ANON0000000 | D278: 20 | E278: USNFK | F278: RULED | G278: 27000 | H278: ART | I278: 22DC | L278: OOG | M278: Full | N278: RULED | P278: =C278 | Q278: {=IFERROR(INDEX(Load_Booking_Report!AC:AC, MATCH(TRUE, ISNUMBER(FIND(SUBSTITUTE(C278," ",""), Load_Booking_Report!AL:AL)), 0)), "Not Found")} | R278: {=IFERROR(INDEX(Load_Booking_Report!C:C, MATCH(TRUE, ISNUMBER(FIND(SUBSTITUTE(C278," ",""), Load_Booking_Report!AL:AL)), 0)), "Not Found")} | S278: {=IFERROR(INDEX(Load_Booking_Report!AG:AG, MATCH(TRUE, ISNUMBER(FIND(SUBSTITUTE(C278," ",""), Load_Booking_Report!AL:AL)), 0)), "Not Found")} | T278: =G278 | U278: {=IFERROR( IF( INDEX(Load_Booking_Report!AM:AM, MATCH(TRUE, ISNUMBER(FIND(SUBSTITUTE(C278," ",""), Load_Booking_Report!AL:AL)), 0) )=0, "", INDEX(Load_Booking_Report!AM:AM, MATCH(TRUE, ISNUMBER(FIND(SUBSTITUTE(C278," ",""), Load_Booking_Report!AL:AL)), 0) ) ), "" )} | V278: {=IFERROR( IF( INDEX(Load_Booking_Report!AR:AR, MATCH(TRUE, ISNUMBER(FIND(SUBSTITUTE(C278," ",""), Load_Booking_Report!AL:AL)), 0) )=0, "", INDEX(Load_Booking_Report!AR:AR, MATCH(TRUE, ISNUMBER(FIND(SUBSTITUTE(C278," ",""), Load_Booking_Report!AL:AL)), 0) ) ), "" )} | W278: {=IFERROR(INDEX(Load_Booking_Report!F:F, MATCH(TRUE, ISNUMBER(FIND(SUBSTITUTE(C278," ",""), Load_Booking_Report!AL:AL)), 0)), "Not Found")} | X278: {=IFERROR(INDEX(Load_Booking_Report!N:N, MATCH(TRUE, ISNUMBER(FIND(SUBSTITUTE(C278," ",""), Load_Booking_Report!AL:AL)), 0)), "Not Found")} | Y278: {=IFERROR(INDEX(Load_Booking_Report!V:V, MATCH(TRUE, ISNUMBER(FIND(SUBSTITUTE(C278," ",""), Load_Booking_Report!AL:AL)), 0)), "Not Found")} | Z278: {=IFERROR(INDEX(Load_Booking_Report!BC:BC, MATCH(TRUE, ISNUMBER(FIND(SUBSTITUTE(C278," ",""), Load_Booking_Report!AL:AL)), 0)), "Not Found")}
A279: 23 | B279: 230104 | C279: ANON0000000 | D279: 20 | E279: USNFK | F279: RULED | G279: 23670 | H279: ART | I279: 22G1 | L279: 8'6 | M279: Full | N279: RULED | P279: =C279 | Q279: {=IFERROR(INDEX(Load_Booking_Report!AC:AC, MATCH(TRUE, ISNUMBER(FIND(SUBSTITUTE(C279," ",""), Load_Booking_Report!AL:AL)), 0)), "Not Found")} | R279: {=IFERROR(INDEX(Load_Booking_Report!C:C, MATCH(TRUE, ISNUMBER(FIND(SUBSTITUTE(C279," ",""), Load_Booking_Report!AL:AL)), 0)), "Not Found")} | S279: {=IFERROR(INDEX(Load_Booking_Report!AG:AG, MATCH(TRUE, ISNUMBER(FIND(SUBSTITUTE(C279," ",""), Load_Booking_Report!AL:AL)), 0)), "Not Found")} | T279: =G279 | U279: {=IFERROR( IF( INDEX(Load_Booking_Report!AM:AM, MATCH(TRUE, ISNUMBER(FIND(SUBSTITUTE(C279," ",""), Load_Booking_Report!AL:AL)), 0) )=0, "", INDEX(Load_Booking_Report!AM:AM, MATCH(TRUE, ISNUMBER(FIND(SUBSTITUTE(C279," ",""), Load_Booking_Report!AL:AL)), 0) ) ), "" )} | V279: {=IFERROR( IF( INDEX(Load_Booking_Report!AR:AR, MATCH(TRUE, ISNUMBER(FIND(SUBSTITUTE(C279," ",""), Load_Booking_Report!AL:AL)), 0) )=0, "", INDEX(Load_Booking_Report!AR:AR, MATCH(TRUE, ISNUMBER(FIND(SUBSTITUTE(C279," ",""), Load_Booking_Report!AL:AL)), 0) ) ), "" )} | W279: {=IFERROR(INDEX(Load_Booking_Report!F:F, MATCH(TRUE, ISNUMBER(FIND(SUBSTITUTE(C279," ",""), Load_Booking_Report!AL:AL)), 0)), "Not Found")} | X279: {=IFERROR(INDEX(Load_Booking_Report!N:N, MATCH(TRUE, ISNUMBER(FIND(SUBSTITUTE(C279," ",""), Load_Booking_Report!AL:AL)), 0)), "Not Found")} | Y279: {=IFERROR(INDEX(Load_Booking_Report!V:V, MATCH(TRUE, ISNUMBER(FIND(SUBSTITUTE(C279," ",""), Load_Booking_Report!AL:AL)), 0)), "Not Found")} | Z279: {=IFERROR(INDEX(Load_Booking_Report!BC:BC, MATCH(TRUE, ISNUMBER(FIND(SUBSTITUTE(C279," ",""), Load_Booking_Report!AL:AL)), 0)), "Not Found")}
A280: 23 | B280: 230402 | C280: ANON0000000 | D280: 20 | E280: USNFK | F280: RULED | G280: 23180 | H280: ART | I280: 22G1 | L280: 8'6 | M280: Full | N280: RULED | P280: =C280 | Q280: {=IFERROR(INDEX(Load_Booking_Report!AC:AC, MATCH(TRUE, ISNUMBER(FIND(SUBSTITUTE(C280," ",""), Load_Booking_Report!AL:AL)), 0)), "Not Found")} | R280: {=IFERROR(INDEX(Load_Booking_Report!C:C, MATCH(TRUE, ISNUMBER(FIND(SUBSTITUTE(C280," ",""), Load_Booking_Report!AL:AL)), 0)), "Not Found")} | S280: {=IFERROR(INDEX(Load_Booking_Report!AG:AG, MATCH(TRUE, ISNUMBER(FIND(SUBSTITUTE(C280," ",""), Load_Booking_Report!AL:AL)), 0)), "Not Found")} | T280: =G280 | U280: {=IFERROR( IF( INDEX(Load_Booking_Report!AM:AM, MATCH(TRUE, ISNUMBER(FIND(SUBSTITUTE(C280," ",""), Load_Booking_Report!AL:AL)), 0) )=0, "", INDEX(Load_Booking_Report!AM:AM, MATCH(TRUE, ISNUMBER(FIND(SUBSTITUTE(C280," ",""), Load_Booking_Report!AL:AL)), 0) ) ), "" )} | V280: {=IFERROR( IF( INDEX(Load_Booking_Report!AR:AR, MATCH(TRUE, ISNUMBER(FIND(SUBSTITUTE(C280," ",""), Load_Booking_Report!AL:AL)), 0) )=0, "", INDEX(Load_Booking_Report!AR:AR, MATCH(TRUE, ISNUMBER(FIND(SUBSTITUTE(C280," ",""), Load_Booking_Report!AL:AL)), 0) ) ), "" )} | W280: {=IFERROR(INDEX(Load_Booking_Report!F:F, MATCH(TRUE, ISNUMBER(FIND(SUBSTITUTE(C280," ",""), Load_Booking_Report!AL:AL)), 0)), "Not Found")} | X280: {=IFERROR(INDEX(Load_Booking_Report!N:N, MATCH(TRUE, ISNUMBER(FIND(SUBSTITUTE(C280," ",""), Load_Booking_Report!AL:AL)), 0)), "Not Found")} | Y280: {=IFERROR(INDEX(Load_Booking_Report!V:V, MATCH(TRUE, ISNUMBER(FIND(SUBSTITUTE(C280," ",""), Load_Booking_Report!AL:AL)), 0)), "Not Found")} | Z280: {=IFERROR(INDEX(Load_Booking_Report!BC:BC, MATCH(TRUE, ISNUMBER(FIND(SUBSTITUTE(C280," ",""), Load_Booking_Report!AL:AL)), 0)), "Not Found")}
A281: 22 | B281: 220108 | C281: ANON0000000 | D281: 40 | E281: USNFK | F281: RULED | G281: 28830 | H281: ART | I281: 45G1 | L281: 9'6 | M281: Full | N281: RULED | P281: =C281 | Q281: {=IFERROR(INDEX(Load_Booking_Report!AC:AC, MATCH(TRUE, ISNUMBER(FIND(SUBSTITUTE(C281," ",""), Load_Booking_Report!AL:AL)), 0)), "Not Found")} | R281: {=IFERROR(INDEX(Load_Booking_Report!C:C, MATCH(TRUE, ISNUMBER(FIND(SUBSTITUTE(C281," ",""), Load_Booking_Report!AL:AL)), 0)), "Not Found")} | S281: {=IFERROR(INDEX(Load_Booking_Report!AG:AG, MATCH(TRUE, ISNUMBER(FIND(SUBSTITUTE(C281," ",""), Load_Booking_Report!AL:AL)), 0)), "Not Found")} | T281: =G281 | U281: {=IFERROR( IF( INDEX(Load_Booking_Report!AM:AM, MATCH(TRUE, ISNUMBER(FIND(SUBSTITUTE(C281," ",""), Load_Booking_Report!AL:AL)), 0) )=0, "", INDEX(Load_Booking_Report!AM:AM, MATCH(TRUE, ISNUMBER(FIND(SUBSTITUTE(C281," ",""), Load_Booking_Report!AL:AL)), 0) ) ), "" )} | V281: {=IFERROR( IF( INDEX(Load_Booking_Report!AR:AR, MATCH(TRUE, ISNUMBER(FIND(SUBSTITUTE(C281," ",""), Load_Booking_Report!AL:AL)), 0) )=0, "", INDEX(Load_Booking_Report!AR:AR, MATCH(TRUE, ISNUMBER(FIND(SUBSTITUTE(C281," ",""), Load_Booking_Report!AL:AL)), 0) ) ), "" )} | W281: {=IFERROR(INDEX(Load_Booking_Report!F:F, MATCH(TRUE, ISNUMBER(FIND(SUBSTITUTE(C281," ",""), Load_Booking_Report!AL:AL)), 0)), "Not Found")} | X281: {=IFERROR(INDEX(Load_Booking_Report!N:N, MATCH(TRUE, ISNUMBER(FIND(SUBSTITUTE(C281," ",""), Load_Booking_Report!AL:AL)), 0)), "Not Found")} | Y281: {=IFERROR(INDEX(Load_Booking_Report!V:V, MATCH(TRUE, ISNUMBER(FIND(SUBSTITUTE(C281," ",""), Load_Booking_Report!AL:AL)), 0)), "Not Found")} | Z281: {=IFERROR(INDEX(Load_Booking_Report!BC:BC, MATCH(TRUE, ISNUMBER(FIND(SUBSTITUTE(C281," ",""), Load_Booking_Report!AL:AL)), 0)), "Not Found")}
A282: 22 | B282: 220406 | C282: ANON0000000 | D282: 40 | E282: USNFK | F282: RULED | G282: 28680 | H282: ART | I282: 45G1 | L282: 9'6 | M282: Full | N282: RULED | P282: =C282 | Q282: {=IFERROR(INDEX(Load_Booking_Report!AC:AC, MATCH(TRUE, ISNUMBER(FIND(SUBSTITUTE(C282," ",""), Load_Booking_Report!AL:AL)), 0)), "Not Found")} | R282: {=IFERROR(INDEX(Load_Booking_Report!C:C, MATCH(TRUE, ISNUMBER(FIND(SUBSTITUTE(C282," ",""), Load_Booking_Report!AL:AL)), 0)), "Not Found")} | S282: {=IFERROR(INDEX(Load_Booking_Report!AG:AG, MATCH(TRUE, ISNUMBER(FIND(SUBSTITUTE(C282," ",""), Load_Booking_Report!AL:AL)), 0)), "Not Found")} | T282: =G282 | U282: {=IFERROR( IF( INDEX(Load_Booking_Report!AM:AM, MATCH(TRUE, ISNUMBER(FIND(SUBSTITUTE(C282," ",""), Load_Booking_Report!AL:AL)), 0) )=0, "", INDEX(Load_Booking_Report!AM:AM, MATCH(TRUE, ISNUMBER(FIND(SUBSTITUTE(C282," ",""), Load_Booking_Report!AL:AL)), 0) ) ), "" )} | V282: {=IFERROR( IF( INDEX(Load_Booking_Report!AR:AR, MATCH(TRUE, ISNUMBER(FIND(SUBSTITUTE(C282," ",""), Load_Booking_Report!AL:AL)), 0) )=0, "", INDEX(Load_Booking_Report!AR:AR, MATCH(TRUE, ISNUMBER(FIND(SUBSTITUTE(C282," ",""), Load_Booking_Report!AL:AL)), 0) ) ), "" )} | W282: {=IFERROR(INDEX(Load_Booking_Report!F:F, MATCH(TRUE, ISNUMBER(FIND(SUBSTITUTE(C282," ",""), Load_Booking_Report!AL:AL)), 0)), "Not Found")} | X282: {=IFERROR(INDEX(Load_Booking_Report!N:N, MATCH(TRUE, ISNUMBER(FIND(SUBSTITUTE(C282," ",""), Load_Booking_Report!AL:AL)), 0)), "Not Found")} | Y282: {=IFERROR(INDEX(Load_Booking_Report!V:V, MATCH(TRUE, ISNUMBER(FIND(SUBSTITUTE(C282," ",""), Load_Booking_Report!AL:AL)), 0)), "Not Found")} | Z282: {=IFERROR(INDEX(Load_Booking_Report!BC:BC, MATCH(TRUE, ISNUMBER(FIND(SUBSTITUTE(C282," ",""), Load_Booking_Report!AL:AL)), 0)), "Not Found")}
A283: 22 | B283: 220308 | C283: ANON0000000 | D283: 40 | E283: USNFK | F283: RULED | G283: 28620 | H283: ART | I283: 45G1 | L283: 9'6 | M283: Full | N283: RULED | P283: =C283 | Q283: {=IFERROR(INDEX(Load_Booking_Report!AC:AC, MATCH(TRUE, ISNUMBER(FIND(SUBSTITUTE(C283," ",""), Load_Booking_Report!AL:AL)), 0)), "Not Found")} | R283: {=IFERROR(INDEX(Load_Booking_Report!C:C, MATCH(TRUE, ISNUMBER(FIND(SUBSTITUTE(C283," ",""), Load_Booking_Report!AL:AL)), 0)), "Not Found")} | S283: {=IFERROR(INDEX(Load_Booking_Report!AG:AG, MATCH(TRUE, ISNUMBER(FIND(SUBSTITUTE(C283," ",""), Load_Booking_Report!AL:AL)), 0)), "Not Found")} | T283: =G283 | U283: {=IFERROR( IF( INDEX(Load_Booking_Report!AM:AM, MATCH(TRUE, ISNUMBER(FIND(SUBSTITUTE(C283," ",""), Load_Booking_Report!AL:AL)), 0) )=0, "", INDEX(Load_Booking_Report!AM:AM, MATCH(TRUE, ISNUMBER(FIND(SUBSTITUTE(C283," ",""), Load_Booking_Report!AL:AL)), 0) ) ), "" )} | V283: {=IFERROR( IF( INDEX(Load_Booking_Report!AR:AR, MATCH(TRUE, ISNUMBER(FIND(SUBSTITUTE(C283," ",""), Load_Booking_Report!AL:AL)), 0) )=0, "", INDEX(Load_Booking_Report!AR:AR, MATCH(TRUE, ISNUMBER(FIND(SUBSTITUTE(C283," ",""), Load_Booking_Report!AL:AL)), 0) ) ), "" )} | W283: {=IFERROR(INDEX(Load_Booking_Report!F:F, MATCH(TRUE, ISNUMBER(FIND(SUBSTITUTE(C283," ",""), Load_Booking_Report!AL:AL)), 0)), "Not Found")} | X283: {=IFERROR(INDEX(Load_Booking_Report!N:N, MATCH(TRUE, ISNUMBER(FIND(SUBSTITUTE(C283," ",""), Load_Booking_Report!AL:AL)), 0)), "Not Found")} | Y283: {=IFERROR(INDEX(Load_Booking_Report!V:V, MATCH(TRUE, ISNUMBER(FIND(SUBSTITUTE(C283," ",""), Load_Booking_Report!AL:AL)), 0)), "Not Found")} | Z283: {=IFERROR(INDEX(Load_Booking_Report!BC:BC, MATCH(TRUE, ISNUMBER(FIND(SUBSTITUTE(C283," ",""), Load_Booking_Report!AL:AL)), 0)), "Not Found")}
A284: 22 | B284: 220806 | C284: ANON0000000 | D284: 40 | E284: USNFK | F284: RULED | G284: 28610 | H284: ART | I284: 45G1 | L284: 9'6 | M284: Full | N284: RULED | P284: =C284 | Q284: {=IFERROR(INDEX(Load_Booking_Report!AC:AC, MATCH(TRUE, ISNUMBER(FIND(SUBSTITUTE(C284," ",""), Load_Booking_Report!AL:AL)), 0)), "Not Found")} | R284: {=IFERROR(INDEX(Load_Booking_Report!C:C, MATCH(TRUE, ISNUMBER(FIND(SUBSTITUTE(C284," ",""), Load_Booking_Report!AL:AL)), 0)), "Not Found")} | S284: {=IFERROR(INDEX(Load_Booking_Report!AG:AG, MATCH(TRUE, ISNUMBER(FIND(SUBSTITUTE(C284," ",""), Load_Booking_Report!AL:AL)), 0)), "Not Found")} | T284: =G284 | U284: {=IFERROR( IF( INDEX(Load_Booking_Report!AM:AM, MATCH(TRUE, ISNUMBER(FIND(SUBSTITUTE(C284," ",""), Load_Booking_Report!AL:AL)), 0) )=0, "", INDEX(Load_Booking_Report!AM:AM, MATCH(TRUE, ISNUMBER(FIND(SUBSTITUTE(C284," ",""), Load_Booking_Report!AL:AL)), 0) ) ), "" )} | V284: {=IFERROR( IF( INDEX(Load_Booking_Report!AR:AR, MATCH(TRUE, ISNUMBER(FIND(SUBSTITUTE(C284," ",""), Load_Booking_Report!AL:AL)), 0) )=0, "", INDEX(Load_Booking_Report!AR:AR, MATCH(TRUE, ISNUMBER(FIND(SUBSTITUTE(C284," ",""), Load_Booking_Report!AL:AL)), 0) ) ), "" )} | W284: {=IFERROR(INDEX(Load_Booking_Report!F:F, MATCH(TRUE, ISNUMBER(FIND(SUBSTITUTE(C284," ",""), Load_Booking_Report!AL:AL)), 0)), "Not Found")} | X284: {=IFERROR(INDEX(Load_Booking_Report!N:N, MATCH(TRUE, ISNUMBER(FIND(SUBSTITUTE(C284," ",""), Load_Booking_Report!AL:AL)), 0)), "Not Found")} | Y284: {=IFERROR(INDEX(Load_Booking_Report!V:V, MATCH(TRUE, ISNUMBER(FIND(SUBSTITUTE(C284," ",""), Load_Booking_Report!AL:AL)), 0)), "Not Found")} | Z284: {=IFERROR(INDEX(Load_Booking_Report!BC:BC, MATCH(TRUE, ISNUMBER(FIND(SUBSTITUTE(C284," ",""), Load_Booking_Report!AL:AL)), 0)), "Not Found")}
A285: 22 | B285: 220508 | C285: ANON0000000 | D285: 40 | E285: USNFK | F285: RULED | G285: 28720 | H285: ART | I285: 45G1 | L285: 9'6 | M285: Full | N285: RULED | P285: =C285 | Q285: {=IFERROR(INDEX(Load_Booking_Report!AC:AC, MATCH(TRUE, ISNUMBER(FIND(SUBSTITUTE(C285," ",""), Load_Booking_Report!AL:AL)), 0)), "Not Found")} | R285: {=IFERROR(INDEX(Load_Booking_Report!C:C, MATCH(TRUE, ISNUMBER(FIND(SUBSTITUTE(C285," ",""), Load_Booking_Report!AL:AL)), 0)), "Not Found")} | S285: {=IFERROR(INDEX(Load_Booking_Report!AG:AG, MATCH(TRUE, ISNUMBER(FIND(SUBSTITUTE(C285," ",""), Load_Booking_Report!AL:AL)), 0)), "Not Found")} | T285: =G285 | U285: {=IFERROR( IF( INDEX(Load_Booking_Report!AM:AM, MATCH(TRUE, ISNUMBER(FIND(SUBSTITUTE(C285," ",""), Load_Booking_Report!AL:AL)), 0) )=0, "", INDEX(Load_Booking_Report!AM:AM, MATCH(TRUE, ISNUMBER(FIND(SUBSTITUTE(C285," ",""), Load_Booking_Report!AL:AL)), 0) ) ), "" )} | V285: {=IFERROR( IF( INDEX(Load_Booking_Report!AR:AR, MATCH(TRUE, ISNUMBER(FIND(SUBSTITUTE(C285," ",""), Load_Booking_Report!AL:AL)), 0) )=0, "", INDEX(Load_Booking_Report!AR:AR, MATCH(TRUE, ISNUMBER(FIND(SUBSTITUTE(C285," ",""), Load_Booking_Report!AL:AL)), 0) ) ), "" )} | W285: {=IFERROR(INDEX(Load_Booking_Report!F:F, MATCH(TRUE, ISNUMBER(FIND(SUBSTITUTE(C285," ",""), Load_Booking_Report!AL:AL)), 0)), "Not Found")} | X285: {=IFERROR(INDEX(Load_Booking_Report!N:N, MATCH(TRUE, ISNUMBER(FIND(SUBSTITUTE(C285," ",""), Load_Booking_Report!AL:AL)), 0)), "Not Found")} | Y285: {=IFERROR(INDEX(Load_Booking_Report!V:V, MATCH(TRUE, ISNUMBER(FIND(SUBSTITUTE(C285," ",""), Load_Booking_Report!AL:AL)), 0)), "Not Found")} | Z285: {=IFERROR(INDEX(Load_Booking_Report!BC:BC, MATCH(TRUE, ISNUMBER(FIND(SUBSTITUTE(C285," ",""), Load_Booking_Report!AL:AL)), 0)), "Not Found")}
... A291: 22 | B291: 220702 | C291: ANON0000000 | D291: 40 | E291: USNFK | F291: RULED | G291: 28730 | H291: ART | I291: 45G1 | L291: 9'6 | M291: Full | N291: RULED | P291: =C291 | Q291: {=IFERROR(INDEX(Load_Booking_Report!AC:AC, MATCH(TRUE, ISNUMBER(FIND(SUBSTITUTE(C291," ",""), Load_Booking_Report!AL:AL)), 0)), "Not Found")} | R291: {=IFERROR(INDEX(Load_Booking_Report!C:C, MATCH(TRUE, ISNUMBER(FIND(SUBSTITUTE(C291," ",""), Load_Booking_Report!AL:AL)), 0)), "Not Found")} | S291: {=IFERROR(INDEX(Load_Booking_Report!AG:AG, MATCH(TRUE, ISNUMBER(FIND(SUBSTITUTE(C291," ",""), Load_Booking_Report!AL:AL)), 0)), "Not Found")} | T291: =G291 | U291: {=IFERROR( IF( INDEX(Load_Booking_Report!AM:AM, MATCH(TRUE, ISNUMBER(FIND(SUBSTITUTE(C291," ",""), Load_Booking_Report!AL:AL)), 0) )=0, "", INDEX(Load_Booking_Report!AM:AM, MATCH(TRUE, ISNUMBER(FIND(SUBSTITUTE(C291," ",""), Load_Booking_Report!AL:AL)), 0) ) ), "" )} | V291: {=IFERROR( IF( INDEX(Load_Booking_Report!AR:AR, MATCH(TRUE, ISNUMBER(FIND(SUBSTITUTE(C291," ",""), Load_Booking_Report!AL:AL)), 0) )=0, "", INDEX(Load_Booking_Report!AR:AR, MATCH(TRUE, ISNUMBER(FIND(SUBSTITUTE(C291," ",""), Load_Booking_Report!AL:AL)), 0) ) ), "" )} | W291: {=IFERROR(INDEX(Load_Booking_Report!F:F, MATCH(TRUE, ISNUMBER(FIND(SUBSTITUTE(C291," ",""), Load_Booking_Report!AL:AL)), 0)), "Not Found")} | X291: {=IFERROR(INDEX(Load_Booking_Report!N:N, MATCH(TRUE, ISNUMBER(FIND(SUBSTITUTE(C291," ",""), Load_Booking_Report!AL:AL)), 0)), "Not Found")} | Y291: {=IFERROR(INDEX(Load_Booking_Report!V:V, MATCH(TRUE, ISNUMBER(FIND(SUBSTITUTE(C291," ",""), Load_Booking_Report!AL:AL)), 0)), "Not Found")} | Z291: {=IFERROR(INDEX(Load_Booking_Report!BC:BC, MATCH(TRUE, ISNUMBER(FIND(SUBSTITUTE(C291," ",""), Load_Booking_Report!AL:AL)), 0)), "Not Found")}
A292: 23 | B292: 230302 | C292: ANON0000000 | D292: 20 | E292: USNFK | F292: RULED | G292: 23540 | H292: ART | I292: 2210 | L292: 8'6 | M292: Full | N292: RULED | P292: =C292 | Q292: {=IFERROR(INDEX(Load_Booking_Report!AC:AC, MATCH(TRUE, ISNUMBER(FIND(SUBSTITUTE(C292," ",""), Load_Booking_Report!AL:AL)), 0)), "Not Found")} | R292: {=IFERROR(INDEX(Load_Booking_Report!C:C, MATCH(TRUE, ISNUMBER(FIND(SUBSTITUTE(C292," ",""), Load_Booking_Report!AL:AL)), 0)), "Not Found")} | S292: {=IFERROR(INDEX(Load_Booking_Report!AG:AG, MATCH(TRUE, ISNUMBER(FIND(SUBSTITUTE(C292," ",""), Load_Booking_Report!AL:AL)), 0)), "Not Found")} | T292: =G292 | U292: {=IFERROR( IF( INDEX(Load_Booking_Report!AM:AM, MATCH(TRUE, ISNUMBER(FIND(SUBSTITUTE(C292," ",""), Load_Booking_Report!AL:AL)), 0) )=0, "", INDEX(Load_Booking_Report!AM:AM, MATCH(TRUE, ISNUMBER(FIND(SUBSTITUTE(C292," ",""), Load_Booking_Report!AL:AL)), 0) ) ), "" )} | V292: {=IFERROR( IF( INDEX(Load_Booking_Report!AR:AR, MATCH(TRUE, ISNUMBER(FIND(SUBSTITUTE(C292," ",""), Load_Booking_Report!AL:AL)), 0) )=0, "", INDEX(Load_Booking_Report!AR:AR, MATCH(TRUE, ISNUMBER(FIND(SUBSTITUTE(C292," ",""), Load_Booking_Report!AL:AL)), 0) ) ), "" )} | W292: {=IFERROR(INDEX(Load_Booking_Report!F:F, MATCH(TRUE, ISNUMBER(FIND(SUBSTITUTE(C292," ",""), Load_Booking_Report!AL:AL)), 0)), "Not Found")} | X292: {=IFERROR(INDEX(Load_Booking_Report!N:N, MATCH(TRUE, ISNUMBER(FIND(SUBSTITUTE(C292," ",""), Load_Booking_Report!AL:AL)), 0)), "Not Found")} | Y292: {=IFERROR(INDEX(Load_Booking_Report!V:V, MATCH(TRUE, ISNUMBER(FIND(SUBSTITUTE(C292," ",""), Load_Booking_Report!AL:AL)), 0)), "Not Found")} | Z292: {=IFERROR(INDEX(Load_Booking_Report!BC:BC, MATCH(TRUE, ISNUMBER(FIND(SUBSTITUTE(C292," ",""), Load_Booking_Report!AL:AL)), 0)), "Not Found")}
A293: 22 | B293: 220604 | C293: ANON0000000 | D293: 40 | E293: USNFK | F293: RULED | G293: 28700 | H293: ART | I293: 4510 | L293: 9'6 | M293: Full | N293: RULED | P293: =C293 | Q293: {=IFERROR(INDEX(Load_Booking_Report!AC:AC, MATCH(TRUE, ISNUMBER(FIND(SUBSTITUTE(C293," ",""), Load_Booking_Report!AL:AL)), 0)), "Not Found")} | R293: {=IFERROR(INDEX(Load_Booking_Report!C:C, MATCH(TRUE, ISNUMBER(FIND(SUBSTITUTE(C293," ",""), Load_Booking_Report!AL:AL)), 0)), "Not Found")} | S293: {=IFERROR(INDEX(Load_Booking_Report!AG:AG, MATCH(TRUE, ISNUMBER(FIND(SUBSTITUTE(C293," ",""), Load_Booking_Report!AL:AL)), 0)), "Not Found")} | T293: =G293 | U293: {=IFERROR( IF( INDEX(Load_Booking_Report!AM:AM, MATCH(TRUE, ISNUMBER(FIND(SUBSTITUTE(C293," ",""), Load_Booking_Report!AL:AL)), 0) )=0, "", INDEX(Load_Booking_Report!AM:AM, MATCH(TRUE, ISNUMBER(FIND(SUBSTITUTE(C293," ",""), Load_Booking_Report!AL:AL)), 0) ) ), "" )} | V293: {=IFERROR( IF( INDEX(Load_Booking_Report!AR:AR, MATCH(TRUE, ISNUMBER(FIND(SUBSTITUTE(C293," ",""), Load_Booking_Report!AL:AL)), 0) )=0, "", INDEX(Load_Booking_Report!AR:AR, MATCH(TRUE, ISNUMBER(FIND(SUBSTITUTE(C293," ",""), Load_Booking_Report!AL:AL)), 0) ) ), "" )} | W293: {=IFERROR(INDEX(Load_Booking_Report!F:F, MATCH(TRUE, ISNUMBER(FIND(SUBSTITUTE(C293," ",""), Load_Booking_Report!AL:AL)), 0)), "Not Found")} | X293: {=IFERROR(INDEX(Load_Booking_Report!N:N, MATCH(TRUE, ISNUMBER(FIND(SUBSTITUTE(C293," ",""), Load_Booking_Report!AL:AL)), 0)), "Not Found")} | Y293: {=IFERROR(INDEX(Load_Booking_Report!V:V, MATCH(TRUE, ISNUMBER(FIND(SUBSTITUTE(C293," ",""), Load_Booking_Report!AL:AL)), 0)), "Not Found")} | Z293: {=IFERROR(INDEX(Load_Booking_Report!BC:BC, MATCH(TRUE, ISNUMBER(FIND(SUBSTITUTE(C293," ",""), Load_Booking_Report!AL:AL)), 0)), "Not Found")}
A294: 2 | B294: 20086 | C294: ANON0000000 | D294: 40 | E294: USNFK | F294: RULED | G294: 28640 | H294: ART | I294: 4510 | L294: 9'6 | M294: Full | N294: RULED | P294: =C294 | Q294: {=IFERROR(INDEX(Load_Booking_Report!AC:AC, MATCH(TRUE, ISNUMBER(FIND(SUBSTITUTE(C294," ",""), Load_Booking_Report!AL:AL)), 0)), "Not Found")} | R294: {=IFERROR(INDEX(Load_Booking_Report!C:C, MATCH(TRUE, ISNUMBER(FIND(SUBSTITUTE(C294," ",""), Load_Booking_Report!AL:AL)), 0)), "Not Found")} | S294: {=IFERROR(INDEX(Load_Booking_Report!AG:AG, MATCH(TRUE, ISNUMBER(FIND(SUBSTITUTE(C294," ",""), Load_Booking_Report!AL:AL)), 0)), "Not Found")} | T294: =G294 | U294: {=IFERROR( IF( INDEX(Load_Booking_Report!AM:AM, MATCH(TRUE, ISNUMBER(FIND(SUBSTITUTE(C294," ",""), Load_Booking_Report!AL:AL)), 0) )=0, "", INDEX(Load_Booking_Report!AM:AM, MATCH(TRUE, ISNUMBER(FIND(SUBSTITUTE(C294," ",""), Load_Booking_Report!AL:AL)), 0) ) ), "" )} | V294: {=IFERROR( IF( INDEX(Load_Booking_Report!AR:AR, MATCH(TRUE, ISNUMBER(FIND(SUBSTITUTE(C294," ",""), Load_Booking_Report!AL:AL)), 0) )=0, "", INDEX(Load_Booking_Report!AR:AR, MATCH(TRUE, ISNUMBER(FIND(SUBSTITUTE(C294," ",""), Load_Booking_Report!AL:AL)), 0) ) ), "" )} | W294: {=IFERROR(INDEX(Load_Booking_Report!F:F, MATCH(TRUE, ISNUMBER(FIND(SUBSTITUTE(C294," ",""), Load_Booking_Report!AL:AL)), 0)), "Not Found")} | X294: {=IFERROR(INDEX(Load_Booking_Report!N:N, MATCH(TRUE, ISNUMBER(FIND(SUBSTITUTE(C294," ",""), Load_Booking_Report!AL:AL)), 0)), "Not Found")} | Y294: {=IFERROR(INDEX(Load_Booking_Report!V:V, MATCH(TRUE, ISNUMBER(FIND(SUBSTITUTE(C294," ",""), Load_Booking_Report!AL:AL)), 0)), "Not Found")} | Z294: {=IFERROR(INDEX(Load_Booking_Report!BC:BC, MATCH(TRUE, ISNUMBER(FIND(SUBSTITUTE(C294," ",""), Load_Booking_Report!AL:AL)), 0)), "Not Found")}
A295: 22 | B295: 220804 | C295: ANON0000000 | D295: 40 | E295: USNFK | F295: RULED | G295: 28760 | H295: ART | I295: 4510 | L295: 9'6 | M295: Full | N295: RULED | P295: =C295 | Q295: {=IFERROR(INDEX(Load_Booking_Report!AC:AC, MATCH(TRUE, ISNUMBER(FIND(SUBSTITUTE(C295," ",""), Load_Booking_Report!AL:AL)), 0)), "Not Found")} | R295: {=IFERROR(INDEX(Load_Booking_Report!C:C, MATCH(TRUE, ISNUMBER(FIND(SUBSTITUTE(C295," ",""), Load_Booking_Report!AL:AL)), 0)), "Not Found")} | S295: {=IFERROR(INDEX(Load_Booking_Report!AG:AG, MATCH(TRUE, ISNUMBER(FIND(SUBSTITUTE(C295," ",""), Load_Booking_Report!AL:AL)), 0)), "Not Found")} | T295: =G295 | U295: {=IFERROR( IF( INDEX(Load_Booking_Report!AM:AM, MATCH(TRUE, ISNUMBER(FIND(SUBSTITUTE(C295," ",""), Load_Booking_Report!AL:AL)), 0) )=0, "", INDEX(Load_Booking_Report!AM:AM, MATCH(TRUE, ISNUMBER(FIND(SUBSTITUTE(C295," ",""), Load_Booking_Report!AL:AL)), 0) ) ), "" )} | V295: {=IFERROR( IF( INDEX(Load_Booking_Report!AR:AR, MATCH(TRUE, ISNUMBER(FIND(SUBSTITUTE(C295," ",""), Load_Booking_Report!AL:AL)), 0) )=0, "", INDEX(Load_Booking_Report!AR:AR, MATCH(TRUE, ISNUMBER(FIND(SUBSTITUTE(C295," ",""), Load_Booking_Report!AL:AL)), 0) ) ), "" )} | W295: {=IFERROR(INDEX(Load_Booking_Report!F:F, MATCH(TRUE, ISNUMBER(FIND(SUBSTITUTE(C295," ",""), Load_Booking_Report!AL:AL)), 0)), "Not Found")} | X295: {=IFERROR(INDEX(Load_Booking_Report!N:N, MATCH(TRUE, ISNUMBER(FIND(SUBSTITUTE(C295," ",""), Load_Booking_Report!AL:AL)), 0)), "Not Found")} | Y295: {=IFERROR(INDEX(Load_Booking_Report!V:V, MATCH(TRUE, ISNUMBER(FIND(SUBSTITUTE(C295," ",""), Load_Booking_Report!AL:AL)), 0)), "Not Found")} | Z295: {=IFERROR(INDEX(Load_Booking_Report!BC:BC, MATCH(TRUE, ISNUMBER(FIND(SUBSTITUTE(C295," ",""), Load_Booking_Report!AL:AL)), 0)), "Not Found")}
A296: 6 | B296: 60104 | C296: ANON0000000 | D296: 40 | E296: USNFK | F296: RULED | G296: 28780 | H296: ART | I296: 45G1 | L296: 9'6 | M296: Full | N296: RULED | P296: =C296 | Q296: {=IFERROR(INDEX(Load_Booking_Report!AC:AC, MATCH(TRUE, ISNUMBER(FIND(SUBSTITUTE(C296," ",""), Load_Booking_Report!AL:AL)), 0)), "Not Found")} | R296: {=IFERROR(INDEX(Load_Booking_Report!C:C, MATCH(TRUE, ISNUMBER(FIND(SUBSTITUTE(C296," ",""), Load_Booking_Report!AL:AL)), 0)), "Not Found")} | S296: {=IFERROR(INDEX(Load_Booking_Report!AG:AG, MATCH(TRUE, ISNUMBER(FIND(SUBSTITUTE(C296," ",""), Load_Booking_Report!AL:AL)), 0)), "Not Found")} | T296: =G296 | U296: {=IFERROR( IF( INDEX(Load_Booking_Report!AM:AM, MATCH(TRUE, ISNUMBER(FIND(SUBSTITUTE(C296," ",""), Load_Booking_Report!AL:AL)), 0) )=0, "", INDEX(Load_Booking_Report!AM:AM, MATCH(TRUE, ISNUMBER(FIND(SUBSTITUTE(C296," ",""), Load_Booking_Report!AL:AL)), 0) ) ), "" )} | V296: {=IFERROR( IF( INDEX(Load_Booking_Report!AR:AR, MATCH(TRUE, ISNUMBER(FIND(SUBSTITUTE(C296," ",""), Load_Booking_Report!AL:AL)), 0) )=0, "", INDEX(Load_Booking_Report!AR:AR, MATCH(TRUE, ISNUMBER(FIND(SUBSTITUTE(C296," ",""), Load_Booking_Report!AL:AL)), 0) ) ), "" )} | W296: {=IFERROR(INDEX(Load_Booking_Report!F:F, MATCH(TRUE, ISNUMBER(FIND(SUBSTITUTE(C296," ",""), Load_Booking_Report!AL:AL)), 0)), "Not Found")} | X296: {=IFERROR(INDEX(Load_Booking_Report!N:N, MATCH(TRUE, ISNUMBER(FIND(SUBSTITUTE(C296," ",""), Load_Booking_Report!AL:AL)), 0)), "Not Found")} | Y296: {=IFERROR(INDEX(Load_Booking_Report!V:V, MATCH(TRUE, ISNUMBER(FIND(SUBSTITUTE(C296," ",""), Load_Booking_Report!AL:AL)), 0)), "Not Found")} | Z296: {=IFERROR(INDEX(Load_Booking_Report!BC:BC, MATCH(TRUE, ISNUMBER(FIND(SUBSTITUTE(C296," ",""), Load_Booking_Report!AL:AL)), 0)), "Not Found")}
A297: 2 | B297: 20386 | C297: ANON0000000 | D297: 40 | E297: USNFK | F297: RULED | G297: 28680 | H297: ART | I297: 45G1 | L297: 9'6 | M297: Full | N297: RULED | P297: =C297 | Q297: {=IFERROR(INDEX(Load_Booking_Report!AC:AC, MATCH(TRUE, ISNUMBER(FIND(SUBSTITUTE(C297," ",""), Load_Booking_Report!AL:AL)), 0)), "Not Found")} | R297: {=IFERROR(INDEX(Load_Booking_Report!C:C, MATCH(TRUE, ISNUMBER(FIND(SUBSTITUTE(C297," ",""), Load_Booking_Report!AL:AL)), 0)), "Not Found")} | S297: {=IFERROR(INDEX(Load_Booking_Report!AG:AG, MATCH(TRUE, ISNUMBER(FIND(SUBSTITUTE(C297," ",""), Load_Booking_Report!AL:AL)), 0)), "Not Found")} | T297: =G297 | U297: {=IFERROR( IF( INDEX(Load_Booking_Report!AM:AM, MATCH(TRUE, ISNUMBER(FIND(SUBSTITUTE(C297," ",""), Load_Booking_Report!AL:AL)), 0) )=0, "", INDEX(Load_Booking_Report!AM:AM, MATCH(TRUE, ISNUMBER(FIND(SUBSTITUTE(C297," ",""), Load_Booking_Report!AL:AL)), 0) ) ), "" )} | V297: {=IFERROR( IF( INDEX(Load_Booking_Report!AR:AR, MATCH(TRUE, ISNUMBER(FIND(SUBSTITUTE(C297," ",""), Load_Booking_Report!AL:AL)), 0) )=0, "", INDEX(Load_Booking_Report!AR:AR, MATCH(TRUE, ISNUMBER(FIND(SUBSTITUTE(C297," ",""), Load_Booking_Report!AL:AL)), 0) ) ), "" )} | W297: {=IFERROR(INDEX(Load_Booking_Report!F:F, MATCH(TRUE, ISNUMBER(FIND(SUBSTITUTE(C297," ",""), Load_Booking_Report!AL:AL)), 0)), "Not Found")} | X297: {=IFERROR(INDEX(Load_Booking_Report!N:N, MATCH(TRUE, ISNUMBER(FIND(SUBSTITUTE(C297," ",""), Load_Booking_Report!AL:AL)), 0)), "Not Found")} | Y297: {=IFERROR(INDEX(Load_Booking_Report!V:V, MATCH(TRUE, ISNUMBER(FIND(SUBSTITUTE(C297," ",""), Load_Booking_Report!AL:AL)), 0)), "Not Found")} | Z297: {=IFERROR(INDEX(Load_Booking_Report!BC:BC, MATCH(TRUE, ISNUMBER(FIND(SUBSTITUTE(C297," ",""), Load_Booking_Report!AL:AL)), 0)), "Not Found")}
A298: 10 | B298: 100208 | C298: ANON0000000 | D298: 40 | E298: USNFK | F298: RULED | G298: 28700 | H298: ART | I298: 45G1 | L298: 9'6 | M298: Full | N298: RULED | P298: =C298 | Q298: {=IFERROR(INDEX(Load_Booking_Report!AC:AC, MATCH(TRUE, ISNUMBER(FIND(SUBSTITUTE(C298," ",""), Load_Booking_Report!AL:AL)), 0)), "Not Found")} | R298: {=IFERROR(INDEX(Load_Booking_Report!C:C, MATCH(TRUE, ISNUMBER(FIND(SUBSTITUTE(C298," ",""), Load_Booking_Report!AL:AL)), 0)), "Not Found")} | S298: {=IFERROR(INDEX(Load_Booking_Report!AG:AG, MATCH(TRUE, ISNUMBER(FIND(SUBSTITUTE(C298," ",""), Load_Booking_Report!AL:AL)), 0)), "Not Found")} | T298: =G298 | U298: {=IFERROR( IF( INDEX(Load_Booking_Report!AM:AM, MATCH(TRUE, ISNUMBER(FIND(SUBSTITUTE(C298," ",""), Load_Booking_Report!AL:AL)), 0) )=0, "", INDEX(Load_Booking_Report!AM:AM, MATCH(TRUE, ISNUMBER(FIND(SUBSTITUTE(C298," ",""), Load_Booking_Report!AL:AL)), 0) ) ), "" )} | V298: {=IFERROR( IF( INDEX(Load_Booking_Report!AR:AR, MATCH(TRUE, ISNUMBER(FIND(SUBSTITUTE(C298," ",""), Load_Booking_Report!AL:AL)), 0) )=0, "", INDEX(Load_Booking_Report!AR:AR, MATCH(TRUE, ISNUMBER(FIND(SUBSTITUTE(C298," ",""), Load_Booking_Report!AL:AL)), 0) ) ), "" )} | W298: {=IFERROR(INDEX(Load_Booking_Report!F:F, MATCH(TRUE, ISNUMBER(FIND(SUBSTITUTE(C298," ",""), Load_Booking_Report!AL:AL)), 0)), "Not Found")} | X298: {=IFERROR(INDEX(Load_Booking_Report!N:N, MATCH(TRUE, ISNUMBER(FIND(SUBSTITUTE(C298," ",""), Load_Booking_Report!AL:AL)), 0)), "Not Found")} | Y298: {=IFERROR(INDEX(Load_Booking_Report!V:V, MATCH(TRUE, ISNUMBER(FIND(SUBSTITUTE(C298," ",""), Load_Booking_Report!AL:AL)), 0)), "Not Found")} | Z298: {=IFERROR(INDEX(Load_Booking_Report!BC:BC, MATCH(TRUE, ISNUMBER(FIND(SUBSTITUTE(C298," ",""), Load_Booking_Report!AL:AL)), 0)), "Not Found")}
A299: 22 | B299: 220502 | C299: ANON0000000 | D299: 40 | E299: USNFK | F299: RULED | G299: 28760 | H299: ART | I299: 45G1 | L299: 9'6 | M299: Full | N299: RULED | P299: =C299 | Q299: {=IFERROR(INDEX(Load_Booking_Report!AC:AC, MATCH(TRUE, ISNUMBER(FIND(SUBSTITUTE(C299," ",""), Load_Booking_Report!AL:AL)), 0)), "Not Found")} | R299: {=IFERROR(INDEX(Load_Booking_Report!C:C, MATCH(TRUE, ISNUMBER(FIND(SUBSTITUTE(C299," ",""), Load_Booking_Report!AL:AL)), 0)), "Not Found")} | S299: {=IFERROR(INDEX(Load_Booking_Report!AG:AG, MATCH(TRUE, ISNUMBER(FIND(SUBSTITUTE(C299," ",""), Load_Booking_Report!AL:AL)), 0)), "Not Found")} | T299: =G299 | U299: {=IFERROR( IF( INDEX(Load_Booking_Report!AM:AM, MATCH(TRUE, ISNUMBER(FIND(SUBSTITUTE(C299," ",""), Load_Booking_Report!AL:AL)), 0) )=0, "", INDEX(Load_Booking_Report!AM:AM, MATCH(TRUE, ISNUMBER(FIND(SUBSTITUTE(C299," ",""), Load_Booking_Report!AL:AL)), 0) ) ), "" )} | V299: {=IFERROR( IF( INDEX(Load_Booking_Report!AR:AR, MATCH(TRUE, ISNUMBER(FIND(SUBSTITUTE(C299," ",""), Load_Booking_Report!AL:AL)), 0) )=0, "", INDEX(Load_Booking_Report!AR:AR, MATCH(TRUE, ISNUMBER(FIND(SUBSTITUTE(C299," ",""), Load_Booking_Report!AL:AL)), 0) ) ), "" )} | W299: {=IFERROR(INDEX(Load_Booking_Report!F:F, MATCH(TRUE, ISNUMBER(FIND(SUBSTITUTE(C299," ",""), Load_Booking_Report!AL:AL)), 0)), "Not Found")} | X299: {=IFERROR(INDEX(Load_Booking_Report!N:N, MATCH(TRUE, ISNUMBER(FIND(SUBSTITUTE(C299," ",""), Load_Booking_Report!AL:AL)), 0)), "Not Found")} | Y299: {=IFERROR(INDEX(Load_Booking_Report!V:V, MATCH(TRUE, ISNUMBER(FIND(SUBSTITUTE(C299," ",""), Load_Booking_Report!AL:AL)), 0)), "Not Found")} | Z299: {=IFERROR(INDEX(Load_Booking_Report!BC:BC, MATCH(TRUE, ISNUMBER(FIND(SUBSTITUTE(C299," ",""), Load_Booking_Report!AL:AL)), 0)), "Not Found")}
A300: 6 | B300: 60308 | C300: ANON0000000 | D300: 40 | E300: USNFK | F300: RULED | G300: 28760 | H300: ART | I300: 45G1 | L300: 9'6 | M300: Full | N300: RULED | P300: =C300 | Q300: {=IFERROR(INDEX(Load_Booking_Report!AC:AC, MATCH(TRUE, ISNUMBER(FIND(SUBSTITUTE(C300," ",""), Load_Booking_Report!AL:AL)), 0)), "Not Found")} | R300: {=IFERROR(INDEX(Load_Booking_Report!C:C, MATCH(TRUE, ISNUMBER(FIND(SUBSTITUTE(C300," ",""), Load_Booking_Report!AL:AL)), 0)), "Not Found")} | S300: {=IFERROR(INDEX(Load_Booking_Report!AG:AG, MATCH(TRUE, ISNUMBER(FIND(SUBSTITUTE(C300," ",""), Load_Booking_Report!AL:AL)), 0)), "Not Found")} | T300: =G300 | U300: {=IFERROR( IF( INDEX(Load_Booking_Report!AM:AM, MATCH(TRUE, ISNUMBER(FIND(SUBSTITUTE(C300," ",""), Load_Booking_Report!AL:AL)), 0) )=0, "", INDEX(Load_Booking_Report!AM:AM, MATCH(TRUE, ISNUMBER(FIND(SUBSTITUTE(C300," ",""), Load_Booking_Report!AL:AL)), 0) ) ), "" )} | V300: {=IFERROR( IF( INDEX(Load_Booking_Report!AR:AR, MATCH(TRUE, ISNUMBER(FIND(SUBSTITUTE(C300," ",""), Load_Booking_Report!AL:AL)), 0) )=0, "", INDEX(Load_Booking_Report!AR:AR, MATCH(TRUE, ISNUMBER(FIND(SUBSTITUTE(C300," ",""), Load_Booking_Report!AL:AL)), 0) ) ), "" )} | W300: {=IFERROR(INDEX(Load_Booking_Report!F:F, MATCH(TRUE, ISNUMBER(FIND(SUBSTITUTE(C300," ",""), Load_Booking_Report!AL:AL)), 0)), "Not Found")} | X300: {=IFERROR(INDEX(Load_Booking_Report!N:N, MATCH(TRUE, ISNUMBER(FIND(SUBSTITUTE(C300," ",""), Load_Booking_Report!AL:AL)), 0)), "Not Found")} | Y300: {=IFERROR(INDEX(Load_Booking_Report!V:V, MATCH(TRUE, ISNUMBER(FIND(SUBSTITUTE(C300," ",""), Load_Booking_Report!AL:AL)), 0)), "Not Found")} | Z300: {=IFERROR(INDEX(Load_Booking_Report!BC:BC, MATCH(TRUE, ISNUMBER(FIND(SUBSTITUTE(C300," ",""), Load_Booking_Report!AL:AL)), 0)), "Not Found")}
A301: 10 | B301: 100106 | C301: ANON0000000 | D301: 40 | E301: USNFK | F301: RULED | G301: 28650 | H301: ART | I301: 45G1 | L301: 9'6 | M301: Full | N301: RULED | P301: =C301 | Q301: {=IFERROR(INDEX(Load_Booking_Report!AC:AC, MATCH(TRUE, ISNUMBER(FIND(SUBSTITUTE(C301," ",""), Load_Booking_Report!AL:AL)), 0)), "Not Found")} | R301: {=IFERROR(INDEX(Load_Booking_Report!C:C, MATCH(TRUE, ISNUMBER(FIND(SUBSTITUTE(C301," ",""), Load_Booking_Report!AL:AL)), 0)), "Not Found")} | S301: {=IFERROR(INDEX(Load_Booking_Report!AG:AG, MATCH(TRUE, ISNUMBER(FIND(SUBSTITUTE(C301," ",""), Load_Booking_Report!AL:AL)), 0)), "Not Found")} | T301: =G301 | U301: {=IFERROR( IF( INDEX(Load_Booking_Report!AM:AM, MATCH(TRUE, ISNUMBER(FIND(SUBSTITUTE(C301," ",""), Load_Booking_Report!AL:AL)), 0) )=0, "", INDEX(Load_Booking_Report!AM:AM, MATCH(TRUE, ISNUMBER(FIND(SUBSTITUTE(C301," ",""), Load_Booking_Report!AL:AL)), 0) ) ), "" )} | V301: {=IFERROR( IF( INDEX(Load_Booking_Report!AR:AR, MATCH(TRUE, ISNUMBER(FIND(SUBSTITUTE(C301," ",""), Load_Booking_Report!AL:AL)), 0) )=0, "", INDEX(Load_Booking_Report!AR:AR, MATCH(TRUE, ISNUMBER(FIND(SUBSTITUTE(C301," ",""), Load_Booking_Report!AL:AL)), 0) ) ), "" )} | W301: {=IFERROR(INDEX(Load_Booking_Report!F:F, MATCH(TRUE, ISNUMBER(FIND(SUBSTITUTE(C301," ",""), Load_Booking_Report!AL:AL)), 0)), "Not Found")} | X301: {=IFERROR(INDEX(Load_Booking_Report!N:N, MATCH(TRUE, ISNUMBER(FIND(SUBSTITUTE(C301," ",""), Load_Booking_Report!AL:AL)), 0)), "Not Found")} | Y301: {=IFERROR(INDEX(Load_Booking_Report!V:V, MATCH(TRUE, ISNUMBER(FIND(SUBSTITUTE(C301," ",""), Load_Booking_Report!AL:AL)), 0)), "Not Found")} | Z301: {=IFERROR(INDEX(Load_Booking_Report!BC:BC, MATCH(TRUE, ISNUMBER(FIND(SUBSTITUTE(C301," ",""), Load_Booking_Report!AL:AL)), 0)), "Not Found")}
A302: 2 | B302: 20006 | C302: ANON0000000 | D302: 40 | E302: USNFK | F302: RULED | G302: 28720 | H302: ART | I302: 45G1 | L302: 9'6 | M302: Full | N302: RULED | P302: =C302 | Q302: {=IFERROR(INDEX(Load_Booking_Report!AC:AC, MATCH(TRUE, ISNUMBER(FIND(SUBSTITUTE(C302," ",""), Load_Booking_Report!AL:AL)), 0)), "Not Found")} | R302: {=IFERROR(INDEX(Load_Booking_Report!C:C, MATCH(TRUE, ISNUMBER(FIND(SUBSTITUTE(C302," ",""), Load_Booking_Report!AL:AL)), 0)), "Not Found")} | S302: {=IFERROR(INDEX(Load_Booking_Report!AG:AG, MATCH(TRUE, ISNUMBER(FIND(SUBSTITUTE(C302," ",""), Load_Booking_Report!AL:AL)), 0)), "Not Found")} | T302: =G302 | U302: {=IFERROR( IF( INDEX(Load_Booking_Report!AM:AM, MATCH(TRUE, ISNUMBER(FIND(SUBSTITUTE(C302," ",""), Load_Booking_Report!AL:AL)), 0) )=0, "", INDEX(Load_Booking_Report!AM:AM, MATCH(TRUE, ISNUMBER(FIND(SUBSTITUTE(C302," ",""), Load_Booking_Report!AL:AL)), 0) ) ), "" )} | V302: {=IFERROR( IF( INDEX(Load_Booking_Report!AR:AR, MATCH(TRUE, ISNUMBER(FIND(SUBSTITUTE(C302," ",""), Load_Booking_Report!AL:AL)), 0) )=0, "", INDEX(Load_Booking_Report!AR:AR, MATCH(TRUE, ISNUMBER(FIND(SUBSTITUTE(C302," ",""), Load_Booking_Report!AL:AL)), 0) ) ), "" )} | W302: {=IFERROR(INDEX(Load_Booking_Report!F:F, MATCH(TRUE, ISNUMBER(FIND(SUBSTITUTE(C302," ",""), Load_Booking_Report!AL:AL)), 0)), "Not Found")} | X302: {=IFERROR(INDEX(Load_Booking_Report!N:N, MATCH(TRUE, ISNUMBER(FIND(SUBSTITUTE(C302," ",""), Load_Booking_Report!AL:AL)), 0)), "Not Found")} | Y302: {=IFERROR(INDEX(Load_Booking_Report!V:V, MATCH(TRUE, ISNUMBER(FIND(SUBSTITUTE(C302," ",""), Load_Booking_Report!AL:AL)), 0)), "Not Found")} | Z302: {=IFERROR(INDEX(Load_Booking_Report!BC:BC, MATCH(TRUE, ISNUMBER(FIND(SUBSTITUTE(C302," ",""), Load_Booking_Report!AL:AL)), 0)), "Not Found")}
A303: 22 | B303: 220802 | C303: ANON0000000 | D303: 40 | E303: USNFK | F303: RULED | G303: 28780 | H303: ART | I303: 45G1 | L303: 9'6 | M303: Full | N303: RULED | P303: =C303 | Q303: {=IFERROR(INDEX(Load_Booking_Report!AC:AC, MATCH(TRUE, ISNUMBER(FIND(SUBSTITUTE(C303," ",""), Load_Booking_Report!AL:AL)), 0)), "Not Found")} | R303: {=IFERROR(INDEX(Load_Booking_Report!C:C, MATCH(TRUE, ISNUMBER(FIND(SUBSTITUTE(C303," ",""), Load_Booking_Report!AL:AL)), 0)), "Not Found")} | S303: {=IFERROR(INDEX(Load_Booking_Report!AG:AG, MATCH(TRUE, ISNUMBER(FIND(SUBSTITUTE(C303," ",""), Load_Booking_Report!AL:AL)), 0)), "Not Found")} | T303: =G303 | U303: {=IFERROR( IF( INDEX(Load_Booking_Report!AM:AM, MATCH(TRUE, ISNUMBER(FIND(SUBSTITUTE(C303," ",""), Load_Booking_Report!AL:AL)), 0) )=0, "", INDEX(Load_Booking_Report!AM:AM, MATCH(TRUE, ISNUMBER(FIND(SUBSTITUTE(C303," ",""), Load_Booking_Report!AL:AL)), 0) ) ), "" )} | V303: {=IFERROR( IF( INDEX(Load_Booking_Report!AR:AR, MATCH(TRUE, ISNUMBER(FIND(SUBSTITUTE(C303," ",""), Load_Booking_Report!AL:AL)), 0) )=0, "", INDEX(Load_Booking_Report!AR:AR, MATCH(TRUE, ISNUMBER(FIND(SUBSTITUTE(C303," ",""), Load_Booking_Report!AL:AL)), 0) ) ), "" )} | W303: {=IFERROR(INDEX(Load_Booking_Report!F:F, MATCH(TRUE, ISNUMBER(FIND(SUBSTITUTE(C303," ",""), Load_Booking_Report!AL:AL)), 0)), "Not Found")} | X303: {=IFERROR(INDEX(Load_Booking_Report!N:N, MATCH(TRUE, ISNUMBER(FIND(SUBSTITUTE(C303," ",""), Load_Booking_Report!AL:AL)), 0)), "Not Found")} | Y303: {=IFERROR(INDEX(Load_Booking_Report!V:V, MATCH(TRUE, ISNUMBER(FIND(SUBSTITUTE(C303," ",""), Load_Booking_Report!AL:AL)), 0)), "Not Found")} | Z303: {=IFERROR(INDEX(Load_Booking_Report!BC:BC, MATCH(TRUE, ISNUMBER(FIND(SUBSTITUTE(C303," ",""), Load_Booking_Report!AL:AL)), 0)), "Not Found")}
A304: 6 | B304: 60108 | C304: ANON0000000 | D304: 40 | E304: USNFK | F304: RULED | G304: 28730 | H304: ART | I304: 45G1 | L304: 9'6 | M304: Full | N304: RULED | P304: =C304 | Q304: {=IFERROR(INDEX(Load_Booking_Report!AC:AC, MATCH(TRUE, ISNUMBER(FIND(SUBSTITUTE(C304," ",""), Load_Booking_Report!AL:AL)), 0)), "Not Found")} | R304: {=IFERROR(INDEX(Load_Booking_Report!C:C, MATCH(TRUE, ISNUMBER(FIND(SUBSTITUTE(C304," ",""), Load_Booking_Report!AL:AL)), 0)), "Not Found")} | S304: {=IFERROR(INDEX(Load_Booking_Report!AG:AG, MATCH(TRUE, ISNUMBER(FIND(SUBSTITUTE(C304," ",""), Load_Booking_Report!AL:AL)), 0)), "Not Found")} | T304: =G304 | U304: {=IFERROR( IF( INDEX(Load_Booking_Report!AM:AM, MATCH(TRUE, ISNUMBER(FIND(SUBSTITUTE(C304," ",""), Load_Booking_Report!AL:AL)), 0) )=0, "", INDEX(Load_Booking_Report!AM:AM, MATCH(TRUE, ISNUMBER(FIND(SUBSTITUTE(C304," ",""), Load_Booking_Report!AL:AL)), 0) ) ), "" )} | V304: {=IFERROR( IF( INDEX(Load_Booking_Report!AR:AR, MATCH(TRUE, ISNUMBER(FIND(SUBSTITUTE(C304," ",""), Load_Booking_Report!AL:AL)), 0) )=0, "", INDEX(Load_Booking_Report!AR:AR, MATCH(TRUE, ISNUMBER(FIND(SUBSTITUTE(C304," ",""), Load_Booking_Report!AL:AL)), 0) ) ), "" )} | W304: {=IFERROR(INDEX(Load_Booking_Report!F:F, MATCH(TRUE, ISNUMBER(FIND(SUBSTITUTE(C304," ",""), Load_Booking_Report!AL:AL)), 0)), "Not Found")} | X304: {=IFERROR(INDEX(Load_Booking_Report!N:N, MATCH(TRUE, ISNUMBER(FIND(SUBSTITUTE(C304," ",""), Load_Booking_Report!AL:AL)), 0)), "Not Found")} | Y304: {=IFERROR(INDEX(Load_Booking_Report!V:V, MATCH(TRUE, ISNUMBER(FIND(SUBSTITUTE(C304," ",""), Load_Booking_Report!AL:AL)), 0)), "Not Found")} | Z304: {=IFERROR(INDEX(Load_Booking_Report!BC:BC, MATCH(TRUE, ISNUMBER(FIND(SUBSTITUTE(C304," ",""), Load_Booking_Report!AL:AL)), 0)), "Not Found")}
A305: 10 | B305: 100206 | C305: ANON0000000 | D305: 40 | E305: USNFK | F305: RULED | G305: 28560 | H305: ART | I305: 45G1 | L305: 9'6 | M305: Full | N305: RULED | P305: =C305 | Q305: {=IFERROR(INDEX(Load_Booking_Report!AC:AC, MATCH(TRUE, ISNUMBER(FIND(SUBSTITUTE(C305," ",""), Load_Booking_Report!AL:AL)), 0)), "Not Found")} | R305: {=IFERROR(INDEX(Load_Booking_Report!C:C, MATCH(TRUE, ISNUMBER(FIND(SUBSTITUTE(C305," ",""), Load_Booking_Report!AL:AL)), 0)), "Not Found")} | S305: {=IFERROR(INDEX(Load_Booking_Report!AG:AG, MATCH(TRUE, ISNUMBER(FIND(SUBSTITUTE(C305," ",""), Load_Booking_Report!AL:AL)), 0)), "Not Found")} | T305: =G305 | U305: {=IFERROR( IF( INDEX(Load_Booking_Report!AM:AM, MATCH(TRUE, ISNUMBER(FIND(SUBSTITUTE(C305," ",""), Load_Booking_Report!AL:AL)), 0) )=0, "", INDEX(Load_Booking_Report!AM:AM, MATCH(TRUE, ISNUMBER(FIND(SUBSTITUTE(C305," ",""), Load_Booking_Report!AL:AL)), 0) ) ), "" )} | V305: {=IFERROR( IF( INDEX(Load_Booking_Report!AR:AR, MATCH(TRUE, ISNUMBER(FIND(SUBSTITUTE(C305," ",""), Load_Booking_Report!AL:AL)), 0) )=0, "", INDEX(Load_Booking_Report!AR:AR, MATCH(TRUE, ISNUMBER(FIND(SUBSTITUTE(C305," ",""), Load_Booking_Report!AL:AL)), 0) ) ), "" )} | W305: {=IFERROR(INDEX(Load_Booking_Report!F:F, MATCH(TRUE, ISNUMBER(FIND(SUBSTITUTE(C305," ",""), Load_Booking_Report!AL:AL)), 0)), "Not Found")} | X305: {=IFERROR(INDEX(Load_Booking_Report!N:N, MATCH(TRUE, ISNUMBER(FIND(SUBSTITUTE(C305," ",""), Load_Booking_Report!AL:AL)), 0)), "Not Found")} | Y305: {=IFERROR(INDEX(Load_Booking_Report!V:V, MATCH(TRUE, ISNUMBER(FIND(SUBSTITUTE(C305," ",""), Load_Booking_Report!AL:AL)), 0)), "Not Found")} | Z305: {=IFERROR(INDEX(Load_Booking_Report!BC:BC, MATCH(TRUE, ISNUMBER(FIND(SUBSTITUTE(C305," ",""), Load_Booking_Report!AL:AL)), 0)), "Not Found")}
A306: 22 | B306: 220504 | C306: ANON0000000 | D306: 40 | E306: USNFK | F306: RULED | G306: 28840 | H306: ART | I306: 45G1 | L306: 9'6 | M306: Full | N306: RULED | P306: =C306 | Q306: {=IFERROR(INDEX(Load_Booking_Report!AC:AC, MATCH(TRUE, ISNUMBER(FIND(SUBSTITUTE(C306," ",""), Load_Booking_Report!AL:AL)), 0)), "Not Found")} | R306: {=IFERROR(INDEX(Load_Booking_Report!C:C, MATCH(TRUE, ISNUMBER(FIND(SUBSTITUTE(C306," ",""), Load_Booking_Report!AL:AL)), 0)), "Not Found")} | S306: {=IFERROR(INDEX(Load_Booking_Report!AG:AG, MATCH(TRUE, ISNUMBER(FIND(SUBSTITUTE(C306," ",""), Load_Booking_Report!AL:AL)), 0)), "Not Found")} | T306: =G306 | U306: {=IFERROR( IF( INDEX(Load_Booking_Report!AM:AM, MATCH(TRUE, ISNUMBER(FIND(SUBSTITUTE(C306," ",""), Load_Booking_Report!AL:AL)), 0) )=0, "", INDEX(Load_Booking_Report!AM:AM, MATCH(TRUE, ISNUMBER(FIND(SUBSTITUTE(C306," ",""), Load_Booking_Report!AL:AL)), 0) ) ), "" )} | V306: {=IFERROR( IF( INDEX(Load_Booking_Report!AR:AR, MATCH(TRUE, ISNUMBER(FIND(SUBSTITUTE(C306," ",""), Load_Booking_Report!AL:AL)), 0) )=0, "", INDEX(Load_Booking_Report!AR:AR, MATCH(TRUE, ISNUMBER(FIND(SUBSTITUTE(C306," ",""), Load_Booking_Report!AL:AL)), 0) ) ), "" )} | W306: {=IFERROR(INDEX(Load_Booking_Report!F:F, MATCH(TRUE, ISNUMBER(FIND(SUBSTITUTE(C306," ",""), Load_Booking_Report!AL:AL)), 0)), "Not Found")} | X306: {=IFERROR(INDEX(Load_Booking_Report!N:N, MATCH(TRUE, ISNUMBER(FIND(SUBSTITUTE(C306," ",""), Load_Booking_Report!AL:AL)), 0)), "Not Found")} | Y306: {=IFERROR(INDEX(Load_Booking_Report!V:V, MATCH(TRUE, ISNUMBER(FIND(SUBSTITUTE(C306," ",""), Load_Booking_Report!AL:AL)), 0)), "Not Found")} | Z306: {=IFERROR(INDEX(Load_Booking_Report!BC:BC, MATCH(TRUE, ISNUMBER(FIND(SUBSTITUTE(C306," ",""), Load_Booking_Report!AL:AL)), 0)), "Not Found")}
A307: 10 | B307: 100308 | C307: ANON0000000 | D307: 40 | E307: USNFK | F307: RULED | G307: 28620 | H307: ART | I307: 45G1 | L307: 9'6 | M307: Full | N307: RULED | P307: =C307 | Q307: {=IFERROR(INDEX(Load_Booking_Report!AC:AC, MATCH(TRUE, ISNUMBER(FIND(SUBSTITUTE(C307," ",""), Load_Booking_Report!AL:AL)), 0)), "Not Found")} | R307: {=IFERROR(INDEX(Load_Booking_Report!C:C, MATCH(TRUE, ISNUMBER(FIND(SUBSTITUTE(C307," ",""), Load_Booking_Report!AL:AL)), 0)), "Not Found")} | S307: {=IFERROR(INDEX(Load_Booking_Report!AG:AG, MATCH(TRUE, ISNUMBER(FIND(SUBSTITUTE(C307," ",""), Load_Booking_Report!AL:AL)), 0)), "Not Found")} | T307: =G307 | U307: {=IFERROR( IF( INDEX(Load_Booking_Report!AM:AM, MATCH(TRUE, ISNUMBER(FIND(SUBSTITUTE(C307," ",""), Load_Booking_Report!AL:AL)), 0) )=0, "", INDEX(Load_Booking_Report!AM:AM, MATCH(TRUE, ISNUMBER(FIND(SUBSTITUTE(C307," ",""), Load_Booking_Report!AL:AL)), 0) ) ), "" )} | V307: {=IFERROR( IF( INDEX(Load_Booking_Report!AR:AR, MATCH(TRUE, ISNUMBER(FIND(SUBSTITUTE(C307," ",""), Load_Booking_Report!AL:AL)), 0) )=0, "", INDEX(Load_Booking_Report!AR:AR, MATCH(TRUE, ISNUMBER(FIND(SUBSTITUTE(C307," ",""), Load_Booking_Report!AL:AL)), 0) ) ), "" )} | W307: {=IFERROR(INDEX(Load_Booking_Report!F:F, MATCH(TRUE, ISNUMBER(FIND(SUBSTITUTE(C307," ",""), Load_Booking_Report!AL:AL)), 0)), "Not Found")} | X307: {=IFERROR(INDEX(Load_Booking_Report!N:N, MATCH(TRUE, ISNUMBER(FIND(SUBSTITUTE(C307," ",""), Load_Booking_Report!AL:AL)), 0)), "Not Found")} | Y307: {=IFERROR(INDEX(Load_Booking_Report!V:V, MATCH(TRUE, ISNUMBER(FIND(SUBSTITUTE(C307," ",""), Load_Booking_Report!AL:AL)), 0)), "Not Found")} | Z307: {=IFERROR(INDEX(Load_Booking_Report!BC:BC, MATCH(TRUE, ISNUMBER(FIND(SUBSTITUTE(C307," ",""), Load_Booking_Report!AL:AL)), 0)), "Not Found")}
... A320: 2 | B320: 20486 | C320: ANON0000000 | D320: 40 | E320: USNFK | F320: RULED | G320: 28730 | H320: ART | I320: 45G1 | L320: 9'6 | M320: Full | N320: RULED | P320: =C320 | Q320: {=IFERROR(INDEX(Load_Booking_Report!AC:AC, MATCH(TRUE, ISNUMBER(FIND(SUBSTITUTE(C320," ",""), Load_Booking_Report!AL:AL)), 0)), "Not Found")} | R320: {=IFERROR(INDEX(Load_Booking_Report!C:C, MATCH(TRUE, ISNUMBER(FIND(SUBSTITUTE(C320," ",""), Load_Booking_Report!AL:AL)), 0)), "Not Found")} | S320: {=IFERROR(INDEX(Load_Booking_Report!AG:AG, MATCH(TRUE, ISNUMBER(FIND(SUBSTITUTE(C320," ",""), Load_Booking_Report!AL:AL)), 0)), "Not Found")} | T320: =G320 | U320: {=IFERROR( IF( INDEX(Load_Booking_Report!AM:AM, MATCH(TRUE, ISNUMBER(FIND(SUBSTITUTE(C320," ",""), Load_Booking_Report!AL:AL)), 0) )=0, "", INDEX(Load_Booking_Report!AM:AM, MATCH(TRUE, ISNUMBER(FIND(SUBSTITUTE(C320," ",""), Load_Booking_Report!AL:AL)), 0) ) ), "" )} | V320: {=IFERROR( IF( INDEX(Load_Booking_Report!AR:AR, MATCH(TRUE, ISNUMBER(FIND(SUBSTITUTE(C320," ",""), Load_Booking_Report!AL:AL)), 0) )=0, "", INDEX(Load_Booking_Report!AR:AR, MATCH(TRUE, ISNUMBER(FIND(SUBSTITUTE(C320," ",""), Load_Booking_Report!AL:AL)), 0) ) ), "" )} | W320: {=IFERROR(INDEX(Load_Booking_Report!F:F, MATCH(TRUE, ISNUMBER(FIND(SUBSTITUTE(C320," ",""), Load_Booking_Report!AL:AL)), 0)), "Not Found")} | X320: {=IFERROR(INDEX(Load_Booking_Report!N:N, MATCH(TRUE, ISNUMBER(FIND(SUBSTITUTE(C320," ",""), Load_Booking_Report!AL:AL)), 0)), "Not Found")} | Y320: {=IFERROR(INDEX(Load_Booking_Report!V:V, MATCH(TRUE, ISNUMBER(FIND(SUBSTITUTE(C320," ",""), Load_Booking_Report!AL:AL)), 0)), "Not Found")} | Z320: {=IFERROR(INDEX(Load_Booking_Report!BC:BC, MATCH(TRUE, ISNUMBER(FIND(SUBSTITUTE(C320," ",""), Load_Booking_Report!AL:AL)), 0)), "Not Found")}
A321: 22 | B321: 220582 | C321: ANON0000000 | D321: 40 | E321: USNFK | F321: RULED | G321: 32425 | H321: ART | I321: 45R1 | K321: -18.0:CEL | L321: 9'6 | M321: Full | N321: RULED | P321: =C321 | Q321: {=IFERROR(INDEX(Load_Booking_Report!AC:AC, MATCH(TRUE, ISNUMBER(FIND(SUBSTITUTE(C321," ",""), Load_Booking_Report!AL:AL)), 0)), "Not Found")} | R321: {=IFERROR(INDEX(Load_Booking_Report!C:C, MATCH(TRUE, ISNUMBER(FIND(SUBSTITUTE(C321," ",""), Load_Booking_Report!AL:AL)), 0)), "Not Found")} | S321: {=IFERROR(INDEX(Load_Booking_Report!AG:AG, MATCH(TRUE, ISNUMBER(FIND(SUBSTITUTE(C321," ",""), Load_Booking_Report!AL:AL)), 0)), "Not Found")} | T321: =G321 | U321: {=IFERROR( IF( INDEX(Load_Booking_Report!AM:AM, MATCH(TRUE, ISNUMBER(FIND(SUBSTITUTE(C321," ",""), Load_Booking_Report!AL:AL)), 0) )=0, "", INDEX(Load_Booking_Report!AM:AM, MATCH(TRUE, ISNUMBER(FIND(SUBSTITUTE(C321," ",""), Load_Booking_Report!AL:AL)), 0) ) ), "" )} | V321: {=IFERROR( IF( INDEX(Load_Booking_Report!AR:AR, MATCH(TRUE, ISNUMBER(FIND(SUBSTITUTE(C321," ",""), Load_Booking_Report!AL:AL)), 0) )=0, "", INDEX(Load_Booking_Report!AR:AR, MATCH(TRUE, ISNUMBER(FIND(SUBSTITUTE(C321," ",""), Load_Booking_Report!AL:AL)), 0) ) ), "" )} | W321: {=IFERROR(INDEX(Load_Booking_Report!F:F, MATCH(TRUE, ISNUMBER(FIND(SUBSTITUTE(C321," ",""), Load_Booking_Report!AL:AL)), 0)), "Not Found")} | X321: {=IFERROR(INDEX(Load_Booking_Report!N:N, MATCH(TRUE, ISNUMBER(FIND(SUBSTITUTE(C321," ",""), Load_Booking_Report!AL:AL)), 0)), "Not Found")} | Y321: {=IFERROR(INDEX(Load_Booking_Report!V:V, MATCH(TRUE, ISNUMBER(FIND(SUBSTITUTE(C321," ",""), Load_Booking_Report!AL:AL)), 0)), "Not Found")} | Z321: {=IFERROR(INDEX(Load_Booking_Report!BC:BC, MATCH(TRUE, ISNUMBER(FIND(SUBSTITUTE(C321," ",""), Load_Booking_Report!AL:AL)), 0)), "Not Found")}
A322: 10 | B322: 100386 | C322: ANON0000000 | D322: 40 | E322: USNFK | F322: RULED | G322: 14118 | H322: ART | I322: 45R1 | J322: 3 | K322: 4.0:CEL | L322: 9'6 | M322: Full | N322: RULED | P322: =C322 | Q322: {=IFERROR(INDEX(Load_Booking_Report!AC:AC, MATCH(TRUE, ISNUMBER(FIND(SUBSTITUTE(C322," ",""), Load_Booking_Report!AL:AL)), 0)), "Not Found")} | R322: {=IFERROR(INDEX(Load_Booking_Report!C:C, MATCH(TRUE, ISNUMBER(FIND(SUBSTITUTE(C322," ",""), Load_Booking_Report!AL:AL)), 0)), "Not Found")} | S322: {=IFERROR(INDEX(Load_Booking_Report!AG:AG, MATCH(TRUE, ISNUMBER(FIND(SUBSTITUTE(C322," ",""), Load_Booking_Report!AL:AL)), 0)), "Not Found")} | T322: =G322 | U322: {=IFERROR( IF( INDEX(Load_Booking_Report!AM:AM, MATCH(TRUE, ISNUMBER(FIND(SUBSTITUTE(C322," ",""), Load_Booking_Report!AL:AL)), 0) )=0, "", INDEX(Load_Booking_Report!AM:AM, MATCH(TRUE, ISNUMBER(FIND(SUBSTITUTE(C322," ",""), Load_Booking_Report!AL:AL)), 0) ) ), "" )} | V322: {=IFERROR( IF( INDEX(Load_Booking_Report!AR:AR, MATCH(TRUE, ISNUMBER(FIND(SUBSTITUTE(C322," ",""), Load_Booking_Report!AL:AL)), 0) )=0, "", INDEX(Load_Booking_Report!AR:AR, MATCH(TRUE, ISNUMBER(FIND(SUBSTITUTE(C322," ",""), Load_Booking_Report!AL:AL)), 0) ) ), "" )} | W322: {=IFERROR(INDEX(Load_Booking_Report!F:F, MATCH(TRUE, ISNUMBER(FIND(SUBSTITUTE(C322," ",""), Load_Booking_Report!AL:AL)), 0)), "Not Found")} | X322: {=IFERROR(INDEX(Load_Booking_Report!N:N, MATCH(TRUE, ISNUMBER(FIND(SUBSTITUTE(C322," ",""), Load_Booking_Report!AL:AL)), 0)), "Not Found")} | Y322: {=IFERROR(INDEX(Load_Booking_Report!V:V, MATCH(TRUE, ISNUMBER(FIND(SUBSTITUTE(C322," ",""), Load_Booking_Report!AL:AL)), 0)), "Not Found")} | Z322: {=IFERROR(INDEX(Load_Booking_Report!BC:BC, MATCH(TRUE, ISNUMBER(FIND(SUBSTITUTE(C322," ",""), Load_Booking_Report!AL:AL)), 0)), "Not Found")}
A323: 6 | B323: 60682 | C323: ANON0000000 | D323: 40 | E323: USNFK | F323: RULED | G323: 33591 | H323: ART | I323: 45R1 | K323: -18.0:CEL | L323: 9'6 | M323: Full | N323: RULED | P323: =C323 | Q323: {=IFERROR(INDEX(Load_Booking_Report!AC:AC, MATCH(TRUE, ISNUMBER(FIND(SUBSTITUTE(C323," ",""), Load_Booking_Report!AL:AL)), 0)), "Not Found")} | R323: {=IFERROR(INDEX(Load_Booking_Report!C:C, MATCH(TRUE, ISNUMBER(FIND(SUBSTITUTE(C323," ",""), Load_Booking_Report!AL:AL)), 0)), "Not Found")} | S323: {=IFERROR(INDEX(Load_Booking_Report!AG:AG, MATCH(TRUE, ISNUMBER(FIND(SUBSTITUTE(C323," ",""), Load_Booking_Report!AL:AL)), 0)), "Not Found")} | T323: =G323 | U323: {=IFERROR( IF( INDEX(Load_Booking_Report!AM:AM, MATCH(TRUE, ISNUMBER(FIND(SUBSTITUTE(C323," ",""), Load_Booking_Report!AL:AL)), 0) )=0, "", INDEX(Load_Booking_Report!AM:AM, MATCH(TRUE, ISNUMBER(FIND(SUBSTITUTE(C323," ",""), Load_Booking_Report!AL:AL)), 0) ) ), "" )} | V323: {=IFERROR( IF( INDEX(Load_Booking_Report!AR:AR, MATCH(TRUE, ISNUMBER(FIND(SUBSTITUTE(C323," ",""), Load_Booking_Report!AL:AL)), 0) )=0, "", INDEX(Load_Booking_Report!AR:AR, MATCH(TRUE, ISNUMBER(FIND(SUBSTITUTE(C323," ",""), Load_Booking_Report!AL:AL)), 0) ) ), "" )} | W323: {=IFERROR(INDEX(Load_Booking_Report!F:F, MATCH(TRUE, ISNUMBER(FIND(SUBSTITUTE(C323," ",""), Load_Booking_Report!AL:AL)), 0)), "Not Found")} | X323: {=IFERROR(INDEX(Load_Booking_Report!N:N, MATCH(TRUE, ISNUMBER(FIND(SUBSTITUTE(C323," ",""), Load_Booking_Report!AL:AL)), 0)), "Not Found")} | Y323: {=IFERROR(INDEX(Load_Booking_Report!V:V, MATCH(TRUE, ISNUMBER(FIND(SUBSTITUTE(C323," ",""), Load_Booking_Report!AL:AL)), 0)), "Not Found")} | Z323: {=IFERROR(INDEX(Load_Booking_Report!BC:BC, MATCH(TRUE, ISNUMBER(FIND(SUBSTITUTE(C323," ",""), Load_Booking_Report!AL:AL)), 0)), "Not Found")}
A324: 10 | B324: 100486 | C324: ANON0000000 | D324: 40 | E324: USNFK | F324: RULED | G324: 8541 | H324: ART | I324: 45R1 | J324: 8 | K324: 4.0:CEL | L324: 9'6 | M324: Full | N324: RULED | P324: =C324 | Q324: {=IFERROR(INDEX(Load_Booking_Report!AC:AC, MATCH(TRUE, ISNUMBER(FIND(SUBSTITUTE(C324," ",""), Load_Booking_Report!AL:AL)), 0)), "Not Found")} | R324: {=IFERROR(INDEX(Load_Booking_Report!C:C, MATCH(TRUE, ISNUMBER(FIND(SUBSTITUTE(C324," ",""), Load_Booking_Report!AL:AL)), 0)), "Not Found")} | S324: {=IFERROR(INDEX(Load_Booking_Report!AG:AG, MATCH(TRUE, ISNUMBER(FIND(SUBSTITUTE(C324," ",""), Load_Booking_Report!AL:AL)), 0)), "Not Found")} | T324: =G324 | U324: {=IFERROR( IF( INDEX(Load_Booking_Report!AM:AM, MATCH(TRUE, ISNUMBER(FIND(SUBSTITUTE(C324," ",""), Load_Booking_Report!AL:AL)), 0) )=0, "", INDEX(Load_Booking_Report!AM:AM, MATCH(TRUE, ISNUMBER(FIND(SUBSTITUTE(C324," ",""), Load_Booking_Report!AL:AL)), 0) ) ), "" )} | V324: {=IFERROR( IF( INDEX(Load_Booking_Report!AR:AR, MATCH(TRUE, ISNUMBER(FIND(SUBSTITUTE(C324," ",""), Load_Booking_Report!AL:AL)), 0) )=0, "", INDEX(Load_Booking_Report!AR:AR, MATCH(TRUE, ISNUMBER(FIND(SUBSTITUTE(C324," ",""), Load_Booking_Report!AL:AL)), 0) ) ), "" )} | W324: {=IFERROR(INDEX(Load_Booking_Report!F:F, MATCH(TRUE, ISNUMBER(FIND(SUBSTITUTE(C324," ",""), Load_Booking_Report!AL:AL)), 0)), "Not Found")} | X324: {=IFERROR(INDEX(Load_Booking_Report!N:N, MATCH(TRUE, ISNUMBER(FIND(SUBSTITUTE(C324," ",""), Load_Booking_Report!AL:AL)), 0)), "Not Found")} | Y324: {=IFERROR(INDEX(Load_Booking_Report!V:V, MATCH(TRUE, ISNUMBER(FIND(SUBSTITUTE(C324," ",""), Load_Booking_Report!AL:AL)), 0)), "Not Found")} | Z324: {=IFERROR(INDEX(Load_Booking_Report!BC:BC, MATCH(TRUE, ISNUMBER(FIND(SUBSTITUTE(C324," ",""), Load_Booking_Report!AL:AL)), 0)), "Not Found")}
A325: 6 | B325: 60882 | C325: ANON0000000 | D325: 40 | E325: USNFK | F325: RULED | G325: 33640 | H325: ART | I325: 45R1 | K325: -18.0:CEL | L325: 9'6 | M325: Full | N325: RULED | P325: =C325 | Q325: {=IFERROR(INDEX(Load_Booking_Report!AC:AC, MATCH(TRUE, ISNUMBER(FIND(SUBSTITUTE(C325," ",""), Load_Booking_Report!AL:AL)), 0)), "Not Found")} | R325: {=IFERROR(INDEX(Load_Booking_Report!C:C, MATCH(TRUE, ISNUMBER(FIND(SUBSTITUTE(C325," ",""), Load_Booking_Report!AL:AL)), 0)), "Not Found")} | S325: {=IFERROR(INDEX(Load_Booking_Report!AG:AG, MATCH(TRUE, ISNUMBER(FIND(SUBSTITUTE(C325," ",""), Load_Booking_Report!AL:AL)), 0)), "Not Found")} | T325: =G325 | U325: {=IFERROR( IF( INDEX(Load_Booking_Report!AM:AM, MATCH(TRUE, ISNUMBER(FIND(SUBSTITUTE(C325," ",""), Load_Booking_Report!AL:AL)), 0) )=0, "", INDEX(Load_Booking_Report!AM:AM, MATCH(TRUE, ISNUMBER(FIND(SUBSTITUTE(C325," ",""), Load_Booking_Report!AL:AL)), 0) ) ), "" )} | V325: {=IFERROR( IF( INDEX(Load_Booking_Report!AR:AR, MATCH(TRUE, ISNUMBER(FIND(SUBSTITUTE(C325," ",""), Load_Booking_Report!AL:AL)), 0) )=0, "", INDEX(Load_Booking_Report!AR:AR, MATCH(TRUE, ISNUMBER(FIND(SUBSTITUTE(C325," ",""), Load_Booking_Report!AL:AL)), 0) ) ), "" )} | W325: {=IFERROR(INDEX(Load_Booking_Report!F:F, MATCH(TRUE, ISNUMBER(FIND(SUBSTITUTE(C325," ",""), Load_Booking_Report!AL:AL)), 0)), "Not Found")} | X325: {=IFERROR(INDEX(Load_Booking_Report!N:N, MATCH(TRUE, ISNUMBER(FIND(SUBSTITUTE(C325," ",""), Load_Booking_Report!AL:AL)), 0)), "Not Found")} | Y325: {=IFERROR(INDEX(Load_Booking_Report!V:V, MATCH(TRUE, ISNUMBER(FIND(SUBSTITUTE(C325," ",""), Load_Booking_Report!AL:AL)), 0)), "Not Found")} | Z325: {=IFERROR(INDEX(Load_Booking_Report!BC:BC, MATCH(TRUE, ISNUMBER(FIND(SUBSTITUTE(C325," ",""), Load_Booking_Report!AL:AL)), 0)), "Not Found")}
A326: 6 | B326: 60182 | C326: ANON0000000 | D326: 40 | E326: USNFK | F326: RULED | G326: 33534 | H326: ART | I326: 45R1 | K326: -18.0:CEL | L326: 9'6 | M326: Full | N326: RULED | P326: =C326 | Q326: {=IFERROR(INDEX(Load_Booking_Report!AC:AC, MATCH(TRUE, ISNUMBER(FIND(SUBSTITUTE(C326," ",""), Load_Booking_Report!AL:AL)), 0)), "Not Found")} | R326: {=IFERROR(INDEX(Load_Booking_Report!C:C, MATCH(TRUE, ISNUMBER(FIND(SUBSTITUTE(C326," ",""), Load_Booking_Report!AL:AL)), 0)), "Not Found")} | S326: {=IFERROR(INDEX(Load_Booking_Report!AG:AG, MATCH(TRUE, ISNUMBER(FIND(SUBSTITUTE(C326," ",""), Load_Booking_Report!AL:AL)), 0)), "Not Found")} | T326: =G326 | U326: {=IFERROR( IF( INDEX(Load_Booking_Report!AM:AM, MATCH(TRUE, ISNUMBER(FIND(SUBSTITUTE(C326," ",""), Load_Booking_Report!AL:AL)), 0) )=0, "", INDEX(Load_Booking_Report!AM:AM, MATCH(TRUE, ISNUMBER(FIND(SUBSTITUTE(C326," ",""), Load_Booking_Report!AL:AL)), 0) ) ), "" )} | V326: {=IFERROR( IF( INDEX(Load_Booking_Report!AR:AR, MATCH(TRUE, ISNUMBER(FIND(SUBSTITUTE(C326," ",""), Load_Booking_Report!AL:AL)), 0) )=0, "", INDEX(Load_Booking_Report!AR:AR, MATCH(TRUE, ISNUMBER(FIND(SUBSTITUTE(C326," ",""), Load_Booking_Report!AL:AL)), 0) ) ), "" )} | W326: {=IFERROR(INDEX(Load_Booking_Report!F:F, MATCH(TRUE, ISNUMBER(FIND(SUBSTITUTE(C326," ",""), Load_Booking_Report!AL:AL)), 0)), "Not Found")} | X326: {=IFERROR(INDEX(Load_Booking_Report!N:N, MATCH(TRUE, ISNUMBER(FIND(SUBSTITUTE(C326," ",""), Load_Booking_Report!AL:AL)), 0)), "Not Found")} | Y326: {=IFERROR(INDEX(Load_Booking_Report!V:V, MATCH(TRUE, ISNUMBER(FIND(SUBSTITUTE(C326," ",""), Load_Booking_Report!AL:AL)), 0)), "Not Found")} | Z326: {=IFERROR(INDEX(Load_Booking_Report!BC:BC, MATCH(TRUE, ISNUMBER(FIND(SUBSTITUTE(C326," ",""), Load_Booking_Report!AL:AL)), 0)), "Not Found")}
A327: 6 | B327: 60282 | C327: ANON0000000 | D327: 40 | E327: USNFK | F327: RULED | G327: 33589 | H327: ART | I327: 45R1 | K327: -18.0:CEL | L327: 9'6 | M327: Full | N327: RULED | P327: =C327 | Q327: {=IFERROR(INDEX(Load_Booking_Report!AC:AC, MATCH(TRUE, ISNUMBER(FIND(SUBSTITUTE(C327," ",""), Load_Booking_Report!AL:AL)), 0)), "Not Found")} | R327: {=IFERROR(INDEX(Load_Booking_Report!C:C, MATCH(TRUE, ISNUMBER(FIND(SUBSTITUTE(C327," ",""), Load_Booking_Report!AL:AL)), 0)), "Not Found")} | S327: {=IFERROR(INDEX(Load_Booking_Report!AG:AG, MATCH(TRUE, ISNUMBER(FIND(SUBSTITUTE(C327," ",""), Load_Booking_Report!AL:AL)), 0)), "Not Found")} | T327: =G327 | U327: {=IFERROR( IF( INDEX(Load_Booking_Report!AM:AM, MATCH(TRUE, ISNUMBER(FIND(SUBSTITUTE(C327," ",""), Load_Booking_Report!AL:AL)), 0) )=0, "", INDEX(Load_Booking_Report!AM:AM, MATCH(TRUE, ISNUMBER(FIND(SUBSTITUTE(C327," ",""), Load_Booking_Report!AL:AL)), 0) ) ), "" )} | V327: {=IFERROR( IF( INDEX(Load_Booking_Report!AR:AR, MATCH(TRUE, ISNUMBER(FIND(SUBSTITUTE(C327," ",""), Load_Booking_Report!AL:AL)), 0) )=0, "", INDEX(Load_Booking_Report!AR:AR, MATCH(TRUE, ISNUMBER(FIND(SUBSTITUTE(C327," ",""), Load_Booking_Report!AL:AL)), 0) ) ), "" )} | W327: {=IFERROR(INDEX(Load_Booking_Report!F:F, MATCH(TRUE, ISNUMBER(FIND(SUBSTITUTE(C327," ",""), Load_Booking_Report!AL:AL)), 0)), "Not Found")} | X327: {=IFERROR(INDEX(Load_Booking_Report!N:N, MATCH(TRUE, ISNUMBER(FIND(SUBSTITUTE(C327," ",""), Load_Booking_Report!AL:AL)), 0)), "Not Found")} | Y327: {=IFERROR(INDEX(Load_Booking_Report!V:V, MATCH(TRUE, ISNUMBER(FIND(SUBSTITUTE(C327," ",""), Load_Booking_Report!AL:AL)), 0)), "Not Found")} | Z327: {=IFERROR(INDEX(Load_Booking_Report!BC:BC, MATCH(TRUE, ISNUMBER(FIND(SUBSTITUTE(C327," ",""), Load_Booking_Report!AL:AL)), 0)), "Not Found")}
A328: 6 | B328: 60582 | C328: ANON0000000 | D328: 40 | E328: USNFK | F328: RULED | G328: 33516 | H328: ART | I328: 45R1 | K328: -18.0:CEL | L328: 9'6 | M328: Full | N328: RULED | P328: =C328 | Q328: {=IFERROR(INDEX(Load_Booking_Report!AC:AC, MATCH(TRUE, ISNUMBER(FIND(SUBSTITUTE(C328," ",""), Load_Booking_Report!AL:AL)), 0)), "Not Found")} | R328: {=IFERROR(INDEX(Load_Booking_Report!C:C, MATCH(TRUE, ISNUMBER(FIND(SUBSTITUTE(C328," ",""), Load_Booking_Report!AL:AL)), 0)), "Not Found")} | S328: {=IFERROR(INDEX(Load_Booking_Report!AG:AG, MATCH(TRUE, ISNUMBER(FIND(SUBSTITUTE(C328," ",""), Load_Booking_Report!AL:AL)), 0)), "Not Found")} | T328: =G328 | U328: {=IFERROR( IF( INDEX(Load_Booking_Report!AM:AM, MATCH(TRUE, ISNUMBER(FIND(SUBSTITUTE(C328," ",""), Load_Booking_Report!AL:AL)), 0) )=0, "", INDEX(Load_Booking_Report!AM:AM, MATCH(TRUE, ISNUMBER(FIND(SUBSTITUTE(C328," ",""), Load_Booking_Report!AL:AL)), 0) ) ), "" )} | V328: {=IFERROR( IF( INDEX(Load_Booking_Report!AR:AR, MATCH(TRUE, ISNUMBER(FIND(SUBSTITUTE(C328," ",""), Load_Booking_Report!AL:AL)), 0) )=0, "", INDEX(Load_Booking_Report!AR:AR, MATCH(TRUE, ISNUMBER(FIND(SUBSTITUTE(C328," ",""), Load_Booking_Report!AL:AL)), 0) ) ), "" )} | W328: {=IFERROR(INDEX(Load_Booking_Report!F:F, MATCH(TRUE, ISNUMBER(FIND(SUBSTITUTE(C328," ",""), Load_Booking_Report!AL:AL)), 0)), "Not Found")} | X328: {=IFERROR(INDEX(Load_Booking_Report!N:N, MATCH(TRUE, ISNUMBER(FIND(SUBSTITUTE(C328," ",""), Load_Booking_Report!AL:AL)), 0)), "Not Found")} | Y328: {=IFERROR(INDEX(Load_Booking_Report!V:V, MATCH(TRUE, ISNUMBER(FIND(SUBSTITUTE(C328," ",""), Load_Booking_Report!AL:AL)), 0)), "Not Found")} | Z328: {=IFERROR(INDEX(Load_Booking_Report!BC:BC, MATCH(TRUE, ISNUMBER(FIND(SUBSTITUTE(C328," ",""), Load_Booking_Report!AL:AL)), 0)), "Not Found")}
A329: 10 | B329: 100286 | C329: ANON0000000 | D329: 40 | E329: USNFK | F329: RULED | G329: 15308 | H329: ART | I329: 45R1 | J329: 8 | K329: 4.0:CEL | L329: 9'6 | M329: Full | N329: RULED | P329: =C329 | Q329: {=IFERROR(INDEX(Load_Booking_Report!AC:AC, MATCH(TRUE, ISNUMBER(FIND(SUBSTITUTE(C329," ",""), Load_Booking_Report!AL:AL)), 0)), "Not Found")} | R329: {=IFERROR(INDEX(Load_Booking_Report!C:C, MATCH(TRUE, ISNUMBER(FIND(SUBSTITUTE(C329," ",""), Load_Booking_Report!AL:AL)), 0)), "Not Found")} | S329: {=IFERROR(INDEX(Load_Booking_Report!AG:AG, MATCH(TRUE, ISNUMBER(FIND(SUBSTITUTE(C329," ",""), Load_Booking_Report!AL:AL)), 0)), "Not Found")} | T329: =G329 | U329: {=IFERROR( IF( INDEX(Load_Booking_Report!AM:AM, MATCH(TRUE, ISNUMBER(FIND(SUBSTITUTE(C329," ",""), Load_Booking_Report!AL:AL)), 0) )=0, "", INDEX(Load_Booking_Report!AM:AM, MATCH(TRUE, ISNUMBER(FIND(SUBSTITUTE(C329," ",""), Load_Booking_Report!AL:AL)), 0) ) ), "" )} | V329: {=IFERROR( IF( INDEX(Load_Booking_Report!AR:AR, MATCH(TRUE, ISNUMBER(FIND(SUBSTITUTE(C329," ",""), Load_Booking_Report!AL:AL)), 0) )=0, "", INDEX(Load_Booking_Report!AR:AR, MATCH(TRUE, ISNUMBER(FIND(SUBSTITUTE(C329," ",""), Load_Booking_Report!AL:AL)), 0) ) ), "" )} | W329: {=IFERROR(INDEX(Load_Booking_Report!F:F, MATCH(TRUE, ISNUMBER(FIND(SUBSTITUTE(C329," ",""), Load_Booking_Report!AL:AL)), 0)), "Not Found")} | X329: {=IFERROR(INDEX(Load_Booking_Report!N:N, MATCH(TRUE, ISNUMBER(FIND(SUBSTITUTE(C329," ",""), Load_Booking_Report!AL:AL)), 0)), "Not Found")} | Y329: {=IFERROR(INDEX(Load_Booking_Report!V:V, MATCH(TRUE, ISNUMBER(FIND(SUBSTITUTE(C329," ",""), Load_Booking_Report!AL:AL)), 0)), "Not Found")} | Z329: {=IFERROR(INDEX(Load_Booking_Report!BC:BC, MATCH(TRUE, ISNUMBER(FIND(SUBSTITUTE(C329," ",""), Load_Booking_Report!AL:AL)), 0)), "Not Found")}
A330: 10 | B330: 100186 | C330: ANON0000000 | D330: 40 | E330: USNFK | F330: RULED | G330: 14849 | H330: ART | I330: 45R1 | J330: 8 | K330: 4.0:CEL | L330: 9'6 | M330: Full | N330: RULED | P330: =C330 | Q330: {=IFERROR(INDEX(Load_Booking_Report!AC:AC, MATCH(TRUE, ISNUMBER(FIND(SUBSTITUTE(C330," ",""), Load_Booking_Report!AL:AL)), 0)), "Not Found")} | R330: {=IFERROR(INDEX(Load_Booking_Report!C:C, MATCH(TRUE, ISNUMBER(FIND(SUBSTITUTE(C330," ",""), Load_Booking_Report!AL:AL)), 0)), "Not Found")} | S330: {=IFERROR(INDEX(Load_Booking_Report!AG:AG, MATCH(TRUE, ISNUMBER(FIND(SUBSTITUTE(C330," ",""), Load_Booking_Report!AL:AL)), 0)), "Not Found")} | T330: =G330 | U330: {=IFERROR( IF( INDEX(Load_Booking_Report!AM:AM, MATCH(TRUE, ISNUMBER(FIND(SUBSTITUTE(C330," ",""), Load_Booking_Report!AL:AL)), 0) )=0, "", INDEX(Load_Booking_Report!AM:AM, MATCH(TRUE, ISNUMBER(FIND(SUBSTITUTE(C330," ",""), Load_Booking_Report!AL:AL)), 0) ) ), "" )} | V330: {=IFERROR( IF( INDEX(Load_Booking_Report!AR:AR, MATCH(TRUE, ISNUMBER(FIND(SUBSTITUTE(C330," ",""), Load_Booking_Report!AL:AL)), 0) )=0, "", INDEX(Load_Booking_Report!AR:AR, MATCH(TRUE, ISNUMBER(FIND(SUBSTITUTE(C330," ",""), Load_Booking_Report!AL:AL)), 0) ) ), "" )} | W330: {=IFERROR(INDEX(Load_Booking_Report!F:F, MATCH(TRUE, ISNUMBER(FIND(SUBSTITUTE(C330," ",""), Load_Booking_Report!AL:AL)), 0)), "Not Found")} | X330: {=IFERROR(INDEX(Load_Booking_Report!N:N, MATCH(TRUE, ISNUMBER(FIND(SUBSTITUTE(C330," ",""), Load_Booking_Report!AL:AL)), 0)), "Not Found")} | Y330: {=IFERROR(INDEX(Load_Booking_Report!V:V, MATCH(TRUE, ISNUMBER(FIND(SUBSTITUTE(C330," ",""), Load_Booking_Report!AL:AL)), 0)), "Not Found")} | Z330: {=IFERROR(INDEX(Load_Booking_Report!BC:BC, MATCH(TRUE, ISNUMBER(FIND(SUBSTITUTE(C330," ",""), Load_Booking_Report!AL:AL)), 0)), "Not Found")}
A331: 10 | B331: 100086 | C331: ANON0000000 | D331: 40 | E331: USNFK | F331: RULED | G331: 16054 | H331: ART | I331: 45R1 | J331: 8 | K331: 4.0:CEL | L331: 9'6 | M331: Full | N331: RULED | P331: =C331 | Q331: {=IFERROR(INDEX(Load_Booking_Report!AC:AC, MATCH(TRUE, ISNUMBER(FIND(SUBSTITUTE(C331," ",""), Load_Booking_Report!AL:AL)), 0)), "Not Found")} | R331: {=IFERROR(INDEX(Load_Booking_Report!C:C, MATCH(TRUE, ISNUMBER(FIND(SUBSTITUTE(C331," ",""), Load_Booking_Report!AL:AL)), 0)), "Not Found")} | S331: {=IFERROR(INDEX(Load_Booking_Report!AG:AG, MATCH(TRUE, ISNUMBER(FIND(SUBSTITUTE(C331," ",""), Load_Booking_Report!AL:AL)), 0)), "Not Found")} | T331: =G331 | U331: {=IFERROR( IF( INDEX(Load_Booking_Report!AM:AM, MATCH(TRUE, ISNUMBER(FIND(SUBSTITUTE(C331," ",""), Load_Booking_Report!AL:AL)), 0) )=0, "", INDEX(Load_Booking_Report!AM:AM, MATCH(TRUE, ISNUMBER(FIND(SUBSTITUTE(C331," ",""), Load_Booking_Report!AL:AL)), 0) ) ), "" )} | V331: {=IFERROR( IF( INDEX(Load_Booking_Report!AR:AR, MATCH(TRUE, ISNUMBER(FIND(SUBSTITUTE(C331," ",""), Load_Booking_Report!AL:AL)), 0) )=0, "", INDEX(Load_Booking_Report!AR:AR, MATCH(TRUE, ISNUMBER(FIND(SUBSTITUTE(C331," ",""), Load_Booking_Report!AL:AL)), 0) ) ), "" )} | W331: {=IFERROR(INDEX(Load_Booking_Report!F:F, MATCH(TRUE, ISNUMBER(FIND(SUBSTITUTE(C331," ",""), Load_Booking_Report!AL:AL)), 0)), "Not Found")} | X331: {=IFERROR(INDEX(Load_Booking_Report!N:N, MATCH(TRUE, ISNUMBER(FIND(SUBSTITUTE(C331," ",""), Load_Booking_Report!AL:AL)), 0)), "Not Found")} | Y331: {=IFERROR(INDEX(Load_Booking_Report!V:V, MATCH(TRUE, ISNUMBER(FIND(SUBSTITUTE(C331," ",""), Load_Booking_Report!AL:AL)), 0)), "Not Found")} | Z331: {=IFERROR(INDEX(Load_Booking_Report!BC:BC, MATCH(TRUE, ISNUMBER(FIND(SUBSTITUTE(C331," ",""), Load_Booking_Report!AL:AL)), 0)), "Not Found")}
A332: 22 | B332: 220086 | C332: ANON0000000 | D332: 40 | E332: USNFK | F332: RULED | G332: 22753 | H332: ART | I332: 4532 | K332: -18.0:CEL | L332: 9'6 | M332: Full | N332: RULED | P332: =C332 | Q332: {=IFERROR(INDEX(Load_Booking_Report!AC:AC, MATCH(TRUE, ISNUMBER(FIND(SUBSTITUTE(C332," ",""), Load_Booking_Report!AL:AL)), 0)), "Not Found")} | R332: {=IFERROR(INDEX(Load_Booking_Report!C:C, MATCH(TRUE, ISNUMBER(FIND(SUBSTITUTE(C332," ",""), Load_Booking_Report!AL:AL)), 0)), "Not Found")} | S332: {=IFERROR(INDEX(Load_Booking_Report!AG:AG, MATCH(TRUE, ISNUMBER(FIND(SUBSTITUTE(C332," ",""), Load_Booking_Report!AL:AL)), 0)), "Not Found")} | T332: =G332 | U332: {=IFERROR( IF( INDEX(Load_Booking_Report!AM:AM, MATCH(TRUE, ISNUMBER(FIND(SUBSTITUTE(C332," ",""), Load_Booking_Report!AL:AL)), 0) )=0, "", INDEX(Load_Booking_Report!AM:AM, MATCH(TRUE, ISNUMBER(FIND(SUBSTITUTE(C332," ",""), Load_Booking_Report!AL:AL)), 0) ) ), "" )} | V332: {=IFERROR( IF( INDEX(Load_Booking_Report!AR:AR, MATCH(TRUE, ISNUMBER(FIND(SUBSTITUTE(C332," ",""), Load_Booking_Report!AL:AL)), 0) )=0, "", INDEX(Load_Booking_Report!AR:AR, MATCH(TRUE, ISNUMBER(FIND(SUBSTITUTE(C332," ",""), Load_Booking_Report!AL:AL)), 0) ) ), "" )} | W332: {=IFERROR(INDEX(Load_Booking_Report!F:F, MATCH(TRUE, ISNUMBER(FIND(SUBSTITUTE(C332," ",""), Load_Booking_Report!AL:AL)), 0)), "Not Found")} | X332: {=IFERROR(INDEX(Load_Booking_Report!N:N, MATCH(TRUE, ISNUMBER(FIND(SUBSTITUTE(C332," ",""), Load_Booking_Report!AL:AL)), 0)), "Not Found")} | Y332: {=IFERROR(INDEX(Load_Booking_Report!V:V, MATCH(TRUE, ISNUMBER(FIND(SUBSTITUTE(C332," ",""), Load_Booking_Report!AL:AL)), 0)), "Not Found")} | Z332: {=IFERROR(INDEX(Load_Booking_Report!BC:BC, MATCH(TRUE, ISNUMBER(FIND(SUBSTITUTE(C332," ",""), Load_Booking_Report!AL:AL)), 0)), "Not Found")}
A333: 22 | B333: 220084 | C333: ANON0000000 | D333: 40 | E333: USNFK | F333: RULED | G333: 33546 | H333: ART | I333: 4532 | K333: -18.0:CEL | L333: 9'6 | M333: Full | N333: RULED | P333: =C333 | Q333: {=IFERROR(INDEX(Load_Booking_Report!AC:AC, MATCH(TRUE, ISNUMBER(FIND(SUBSTITUTE(C333," ",""), Load_Booking_Report!AL:AL)), 0)), "Not Found")} | R333: {=IFERROR(INDEX(Load_Booking_Report!C:C, MATCH(TRUE, ISNUMBER(FIND(SUBSTITUTE(C333," ",""), Load_Booking_Report!AL:AL)), 0)), "Not Found")} | S333: {=IFERROR(INDEX(Load_Booking_Report!AG:AG, MATCH(TRUE, ISNUMBER(FIND(SUBSTITUTE(C333," ",""), Load_Booking_Report!AL:AL)), 0)), "Not Found")} | T333: =G333 | U333: {=IFERROR( IF( INDEX(Load_Booking_Report!AM:AM, MATCH(TRUE, ISNUMBER(FIND(SUBSTITUTE(C333," ",""), Load_Booking_Report!AL:AL)), 0) )=0, "", INDEX(Load_Booking_Report!AM:AM, MATCH(TRUE, ISNUMBER(FIND(SUBSTITUTE(C333," ",""), Load_Booking_Report!AL:AL)), 0) ) ), "" )} | V333: {=IFERROR( IF( INDEX(Load_Booking_Report!AR:AR, MATCH(TRUE, ISNUMBER(FIND(SUBSTITUTE(C333," ",""), Load_Booking_Report!AL:AL)), 0) )=0, "", INDEX(Load_Booking_Report!AR:AR, MATCH(TRUE, ISNUMBER(FIND(SUBSTITUTE(C333," ",""), Load_Booking_Report!AL:AL)), 0) ) ), "" )} | W333: {=IFERROR(INDEX(Load_Booking_Report!F:F, MATCH(TRUE, ISNUMBER(FIND(SUBSTITUTE(C333," ",""), Load_Booking_Report!AL:AL)), 0)), "Not Found")} | X333: {=IFERROR(INDEX(Load_Booking_Report!N:N, MATCH(TRUE, ISNUMBER(FIND(SUBSTITUTE(C333," ",""), Load_Booking_Report!AL:AL)), 0)), "Not Found")} | Y333: {=IFERROR(INDEX(Load_Booking_Report!V:V, MATCH(TRUE, ISNUMBER(FIND(SUBSTITUTE(C333," ",""), Load_Booking_Report!AL:AL)), 0)), "Not Found")} | Z333: {=IFERROR(INDEX(Load_Booking_Report!BC:BC, MATCH(TRUE, ISNUMBER(FIND(SUBSTITUTE(C333," ",""), Load_Booking_Report!AL:AL)), 0)), "Not Found")}
A334: 6 | B334: 60106 | C334: ANON0000000 | D334: 40 | E334: USNFK | F334: RULED | G334: 31265 | H334: ART | I334: 45G1 | L334: 9'6 | M334: Full | N334: RULED | P334: =C334 | Q334: {=IFERROR(INDEX(Load_Booking_Report!AC:AC, MATCH(TRUE, ISNUMBER(FIND(SUBSTITUTE(C334," ",""), Load_Booking_Report!AL:AL)), 0)), "Not Found")} | R334: {=IFERROR(INDEX(Load_Booking_Report!C:C, MATCH(TRUE, ISNUMBER(FIND(SUBSTITUTE(C334," ",""), Load_Booking_Report!AL:AL)), 0)), "Not Found")} | S334: {=IFERROR(INDEX(Load_Booking_Report!AG:AG, MATCH(TRUE, ISNUMBER(FIND(SUBSTITUTE(C334," ",""), Load_Booking_Report!AL:AL)), 0)), "Not Found")} | T334: =G334 | U334: {=IFERROR( IF( INDEX(Load_Booking_Report!AM:AM, MATCH(TRUE, ISNUMBER(FIND(SUBSTITUTE(C334," ",""), Load_Booking_Report!AL:AL)), 0) )=0, "", INDEX(Load_Booking_Report!AM:AM, MATCH(TRUE, ISNUMBER(FIND(SUBSTITUTE(C334," ",""), Load_Booking_Report!AL:AL)), 0) ) ), "" )} | V334: {=IFERROR( IF( INDEX(Load_Booking_Report!AR:AR, MATCH(TRUE, ISNUMBER(FIND(SUBSTITUTE(C334," ",""), Load_Booking_Report!AL:AL)), 0) )=0, "", INDEX(Load_Booking_Report!AR:AR, MATCH(TRUE, ISNUMBER(FIND(SUBSTITUTE(C334," ",""), Load_Booking_Report!AL:AL)), 0) ) ), "" )} | W334: {=IFERROR(INDEX(Load_Booking_Report!F:F, MATCH(TRUE, ISNUMBER(FIND(SUBSTITUTE(C334," ",""), Load_Booking_Report!AL:AL)), 0)), "Not Found")} | X334: {=IFERROR(INDEX(Load_Booking_Report!N:N, MATCH(TRUE, ISNUMBER(FIND(SUBSTITUTE(C334," ",""), Load_Booking_Report!AL:AL)), 0)), "Not Found")} | Y334: {=IFERROR(INDEX(Load_Booking_Report!V:V, MATCH(TRUE, ISNUMBER(FIND(SUBSTITUTE(C334," ",""), Load_Booking_Report!AL:AL)), 0)), "Not Found")} | Z334: {=IFERROR(INDEX(Load_Booking_Report!BC:BC, MATCH(TRUE, ISNUMBER(FIND(SUBSTITUTE(C334," ",""), Load_Booking_Report!AL:AL)), 0)), "Not Found")}
A335: 22 | B335: 220184 | C335: ANON0000000 | D335: 40 | E335: USNFK | F335: RULED | G335: 33400 | H335: ART | I335: 45R1 | K335: -18.0:CEL | L335: 9'6 | M335: Full | N335: RULED | P335: =C335 | Q335: {=IFERROR(INDEX(Load_Booking_Report!AC:AC, MATCH(TRUE, ISNUMBER(FIND(SUBSTITUTE(C335," ",""), Load_Booking_Report!AL:AL)), 0)), "Not Found")} | R335: {=IFERROR(INDEX(Load_Booking_Report!C:C, MATCH(TRUE, ISNUMBER(FIND(SUBSTITUTE(C335," ",""), Load_Booking_Report!AL:AL)), 0)), "Not Found")} | S335: {=IFERROR(INDEX(Load_Booking_Report!AG:AG, MATCH(TRUE, ISNUMBER(FIND(SUBSTITUTE(C335," ",""), Load_Booking_Report!AL:AL)), 0)), "Not Found")} | T335: =G335 | U335: {=IFERROR( IF( INDEX(Load_Booking_Report!AM:AM, MATCH(TRUE, ISNUMBER(FIND(SUBSTITUTE(C335," ",""), Load_Booking_Report!AL:AL)), 0) )=0, "", INDEX(Load_Booking_Report!AM:AM, MATCH(TRUE, ISNUMBER(FIND(SUBSTITUTE(C335," ",""), Load_Booking_Report!AL:AL)), 0) ) ), "" )} | V335: {=IFERROR( IF( INDEX(Load_Booking_Report!AR:AR, MATCH(TRUE, ISNUMBER(FIND(SUBSTITUTE(C335," ",""), Load_Booking_Report!AL:AL)), 0) )=0, "", INDEX(Load_Booking_Report!AR:AR, MATCH(TRUE, ISNUMBER(FIND(SUBSTITUTE(C335," ",""), Load_Booking_Report!AL:AL)), 0) ) ), "" )} | W335: {=IFERROR(INDEX(Load_Booking_Report!F:F, MATCH(TRUE, ISNUMBER(FIND(SUBSTITUTE(C335," ",""), Load_Booking_Report!AL:AL)), 0)), "Not Found")} | X335: {=IFERROR(INDEX(Load_Booking_Report!N:N, MATCH(TRUE, ISNUMBER(FIND(SUBSTITUTE(C335," ",""), Load_Booking_Report!AL:AL)), 0)), "Not Found")} | Y335: {=IFERROR(INDEX(Load_Booking_Report!V:V, MATCH(TRUE, ISNUMBER(FIND(SUBSTITUTE(C335," ",""), Load_Booking_Report!AL:AL)), 0)), "Not Found")} | Z335: {=IFERROR(INDEX(Load_Booking_Report!BC:BC, MATCH(TRUE, ISNUMBER(FIND(SUBSTITUTE(C335," ",""), Load_Booking_Report!AL:AL)), 0)), "Not Found")}
A336: 22 | B336: 220284 | C336: ANON0000000 | D336: 40 | E336: USNFK | F336: RULED | G336: 32706 | H336: ART | I336: 45R1 | K336: -18.0:CEL | L336: 9'6 | M336: Full | N336: RULED | P336: =C336 | Q336: {=IFERROR(INDEX(Load_Booking_Report!AC:AC, MATCH(TRUE, ISNUMBER(FIND(SUBSTITUTE(C336," ",""), Load_Booking_Report!AL:AL)), 0)), "Not Found")} | R336: {=IFERROR(INDEX(Load_Booking_Report!C:C, MATCH(TRUE, ISNUMBER(FIND(SUBSTITUTE(C336," ",""), Load_Booking_Report!AL:AL)), 0)), "Not Found")} | S336: {=IFERROR(INDEX(Load_Booking_Report!AG:AG, MATCH(TRUE, ISNUMBER(FIND(SUBSTITUTE(C336," ",""), Load_Booking_Report!AL:AL)), 0)), "Not Found")} | T336: =G336 | U336: {=IFERROR( IF( INDEX(Load_Booking_Report!AM:AM, MATCH(TRUE, ISNUMBER(FIND(SUBSTITUTE(C336," ",""), Load_Booking_Report!AL:AL)), 0) )=0, "", INDEX(Load_Booking_Report!AM:AM, MATCH(TRUE, ISNUMBER(FIND(SUBSTITUTE(C336," ",""), Load_Booking_Report!AL:AL)), 0) ) ), "" )} | V336: {=IFERROR( IF( INDEX(Load_Booking_Report!AR:AR, MATCH(TRUE, ISNUMBER(FIND(SUBSTITUTE(C336," ",""), Load_Booking_Report!AL:AL)), 0) )=0, "", INDEX(Load_Booking_Report!AR:AR, MATCH(TRUE, ISNUMBER(FIND(SUBSTITUTE(C336," ",""), Load_Booking_Report!AL:AL)), 0) ) ), "" )} | W336: {=IFERROR(INDEX(Load_Booking_Report!F:F, MATCH(TRUE, ISNUMBER(FIND(SUBSTITUTE(C336," ",""), Load_Booking_Report!AL:AL)), 0)), "Not Found")} | X336: {=IFERROR(INDEX(Load_Booking_Report!N:N, MATCH(TRUE, ISNUMBER(FIND(SUBSTITUTE(C336," ",""), Load_Booking_Report!AL:AL)), 0)), "Not Found")} | Y336: {=IFERROR(INDEX(Load_Booking_Report!V:V, MATCH(TRUE, ISNUMBER(FIND(SUBSTITUTE(C336," ",""), Load_Booking_Report!AL:AL)), 0)), "Not Found")} | Z336: {=IFERROR(INDEX(Load_Booking_Report!BC:BC, MATCH(TRUE, ISNUMBER(FIND(SUBSTITUTE(C336," ",""), Load_Booking_Report!AL:AL)), 0)), "Not Found")}
A337: 22 | B337: 220484 | C337: ANON0000000 | D337: 40 | E337: USNFK | F337: RULED | G337: 33622 | H337: ART | I337: 45R1 | K337: -18.0:CEL | L337: 9'6 | M337: Full | N337: RULED | P337: =C337 | Q337: {=IFERROR(INDEX(Load_Booking_Report!AC:AC, MATCH(TRUE, ISNUMBER(FIND(SUBSTITUTE(C337," ",""), Load_Booking_Report!AL:AL)), 0)), "Not Found")} | R337: {=IFERROR(INDEX(Load_Booking_Report!C:C, MATCH(TRUE, ISNUMBER(FIND(SUBSTITUTE(C337," ",""), Load_Booking_Report!AL:AL)), 0)), "Not Found")} | S337: {=IFERROR(INDEX(Load_Booking_Report!AG:AG, MATCH(TRUE, ISNUMBER(FIND(SUBSTITUTE(C337," ",""), Load_Booking_Report!AL:AL)), 0)), "Not Found")} | T337: =G337 | U337: {=IFERROR( IF( INDEX(Load_Booking_Report!AM:AM, MATCH(TRUE, ISNUMBER(FIND(SUBSTITUTE(C337," ",""), Load_Booking_Report!AL:AL)), 0) )=0, "", INDEX(Load_Booking_Report!AM:AM, MATCH(TRUE, ISNUMBER(FIND(SUBSTITUTE(C337," ",""), Load_Booking_Report!AL:AL)), 0) ) ), "" )} | V337: {=IFERROR( IF( INDEX(Load_Booking_Report!AR:AR, MATCH(TRUE, ISNUMBER(FIND(SUBSTITUTE(C337," ",""), Load_Booking_Report!AL:AL)), 0) )=0, "", INDEX(Load_Booking_Report!AR:AR, MATCH(TRUE, ISNUMBER(FIND(SUBSTITUTE(C337," ",""), Load_Booking_Report!AL:AL)), 0) ) ), "" )} | W337: {=IFERROR(INDEX(Load_Booking_Report!F:F, MATCH(TRUE, ISNUMBER(FIND(SUBSTITUTE(C337," ",""), Load_Booking_Report!AL:AL)), 0)), "Not Found")} | X337: {=IFERROR(INDEX(Load_Booking_Report!N:N, MATCH(TRUE, ISNUMBER(FIND(SUBSTITUTE(C337," ",""), Load_Booking_Report!AL:AL)), 0)), "Not Found")} | Y337: {=IFERROR(INDEX(Load_Booking_Report!V:V, MATCH(TRUE, ISNUMBER(FIND(SUBSTITUTE(C337," ",""), Load_Booking_Report!AL:AL)), 0)), "Not Found")} | Z337: {=IFERROR(INDEX(Load_Booking_Report!BC:BC, MATCH(TRUE, ISNUMBER(FIND(SUBSTITUTE(C337," ",""), Load_Booking_Report!AL:AL)), 0)), "Not Found")}
A338: 6 | B338: 60086 | C338: ANON0000000 | D338: 40 | E338: USNFK | F338: RULED | G338: 29622 | H338: ART | I338: 45G1 | J338: 8 | L338: 9'6 | M338: Full | N338: RULED | P338: =C338 | Q338: {=IFERROR(INDEX(Load_Booking_Report!AC:AC, MATCH(TRUE, ISNUMBER(FIND(SUBSTITUTE(C338," ",""), Load_Booking_Report!AL:AL)), 0)), "Not Found")} | R338: {=IFERROR(INDEX(Load_Booking_Report!C:C, MATCH(TRUE, ISNUMBER(FIND(SUBSTITUTE(C338," ",""), Load_Booking_Report!AL:AL)), 0)), "Not Found")} | S338: {=IFERROR(INDEX(Load_Booking_Report!AG:AG, MATCH(TRUE, ISNUMBER(FIND(SUBSTITUTE(C338," ",""), Load_Booking_Report!AL:AL)), 0)), "Not Found")} | T338: =G338 | U338: {=IFERROR( IF( INDEX(Load_Booking_Report!AM:AM, MATCH(TRUE, ISNUMBER(FIND(SUBSTITUTE(C338," ",""), Load_Booking_Report!AL:AL)), 0) )=0, "", INDEX(Load_Booking_Report!AM:AM, MATCH(TRUE, ISNUMBER(FIND(SUBSTITUTE(C338," ",""), Load_Booking_Report!AL:AL)), 0) ) ), "" )} | V338: {=IFERROR( IF( INDEX(Load_Booking_Report!AR:AR, MATCH(TRUE, ISNUMBER(FIND(SUBSTITUTE(C338," ",""), Load_Booking_Report!AL:AL)), 0) )=0, "", INDEX(Load_Booking_Report!AR:AR, MATCH(TRUE, ISNUMBER(FIND(SUBSTITUTE(C338," ",""), Load_Booking_Report!AL:AL)), 0) ) ), "" )} | W338: {=IFERROR(INDEX(Load_Booking_Report!F:F, MATCH(TRUE, ISNUMBER(FIND(SUBSTITUTE(C338," ",""), Load_Booking_Report!AL:AL)), 0)), "Not Found")} | X338: {=IFERROR(INDEX(Load_Booking_Report!N:N, MATCH(TRUE, ISNUMBER(FIND(SUBSTITUTE(C338," ",""), Load_Booking_Report!AL:AL)), 0)), "Not Found")} | Y338: {=IFERROR(INDEX(Load_Booking_Report!V:V, MATCH(TRUE, ISNUMBER(FIND(SUBSTITUTE(C338," ",""), Load_Booking_Report!AL:AL)), 0)), "Not Found")} | Z338: {=IFERROR(INDEX(Load_Booking_Report!BC:BC, MATCH(TRUE, ISNUMBER(FIND(SUBSTITUTE(C338," ",""), Load_Booking_Report!AL:AL)), 0)), "Not Found")}
A339: 6 | B339: 60286 | C339: ANON0000000 | D339: 40 | E339: USNFK | F339: RULED | G339: 28802 | H339: ART | I339: 45G1 | J339: 8 | L339: 9'6 | M339: Full | N339: RULED | P339: =C339 | Q339: {=IFERROR(INDEX(Load_Booking_Report!AC:AC, MATCH(TRUE, ISNUMBER(FIND(SUBSTITUTE(C339," ",""), Load_Booking_Report!AL:AL)), 0)), "Not Found")} | R339: {=IFERROR(INDEX(Load_Booking_Report!C:C, MATCH(TRUE, ISNUMBER(FIND(SUBSTITUTE(C339," ",""), Load_Booking_Report!AL:AL)), 0)), "Not Found")} | S339: {=IFERROR(INDEX(Load_Booking_Report!AG:AG, MATCH(TRUE, ISNUMBER(FIND(SUBSTITUTE(C339," ",""), Load_Booking_Report!AL:AL)), 0)), "Not Found")} | T339: =G339 | U339: {=IFERROR( IF( INDEX(Load_Booking_Report!AM:AM, MATCH(TRUE, ISNUMBER(FIND(SUBSTITUTE(C339," ",""), Load_Booking_Report!AL:AL)), 0) )=0, "", INDEX(Load_Booking_Report!AM:AM, MATCH(TRUE, ISNUMBER(FIND(SUBSTITUTE(C339," ",""), Load_Booking_Report!AL:AL)), 0) ) ), "" )} | V339: {=IFERROR( IF( INDEX(Load_Booking_Report!AR:AR, MATCH(TRUE, ISNUMBER(FIND(SUBSTITUTE(C339," ",""), Load_Booking_Report!AL:AL)), 0) )=0, "", INDEX(Load_Booking_Report!AR:AR, MATCH(TRUE, ISNUMBER(FIND(SUBSTITUTE(C339," ",""), Load_Booking_Report!AL:AL)), 0) ) ), "" )} | W339: {=IFERROR(INDEX(Load_Booking_Report!F:F, MATCH(TRUE, ISNUMBER(FIND(SUBSTITUTE(C339," ",""), Load_Booking_Report!AL:AL)), 0)), "Not Found")} | X339: {=IFERROR(INDEX(Load_Booking_Report!N:N, MATCH(TRUE, ISNUMBER(FIND(SUBSTITUTE(C339," ",""), Load_Booking_Report!AL:AL)), 0)), "Not Found")} | Y339: {=IFERROR(INDEX(Load_Booking_Report!V:V, MATCH(TRUE, ISNUMBER(FIND(SUBSTITUTE(C339," ",""), Load_Booking_Report!AL:AL)), 0)), "Not Found")} | Z339: {=IFERROR(INDEX(Load_Booking_Report!BC:BC, MATCH(TRUE, ISNUMBER(FIND(SUBSTITUTE(C339," ",""), Load_Booking_Report!AL:AL)), 0)), "Not Found")}
A340: 40 | B340: 400284 | C340: ANON0000000 | D340: 40 | E340: USNFK | F340: RULED | G340: 33388 | H340: ART | I340: 45R1 | K340: -18.0:CEL | L340: 9'6 | M340: Full | N340: RULED | P340: =C340 | Q340: {=IFERROR(INDEX(Load_Booking_Report!AC:AC, MATCH(TRUE, ISNUMBER(FIND(SUBSTITUTE(C340," ",""), Load_Booking_Report!AL:AL)), 0)), "Not Found")} | R340: {=IFERROR(INDEX(Load_Booking_Report!C:C, MATCH(TRUE, ISNUMBER(FIND(SUBSTITUTE(C340," ",""), Load_Booking_Report!AL:AL)), 0)), "Not Found")} | S340: {=IFERROR(INDEX(Load_Booking_Report!AG:AG, MATCH(TRUE, ISNUMBER(FIND(SUBSTITUTE(C340," ",""), Load_Booking_Report!AL:AL)), 0)), "Not Found")} | T340: =G340 | U340: {=IFERROR( IF( INDEX(Load_Booking_Report!AM:AM, MATCH(TRUE, ISNUMBER(FIND(SUBSTITUTE(C340," ",""), Load_Booking_Report!AL:AL)), 0) )=0, "", INDEX(Load_Booking_Report!AM:AM, MATCH(TRUE, ISNUMBER(FIND(SUBSTITUTE(C340," ",""), Load_Booking_Report!AL:AL)), 0) ) ), "" )} | V340: {=IFERROR( IF( INDEX(Load_Booking_Report!AR:AR, MATCH(TRUE, ISNUMBER(FIND(SUBSTITUTE(C340," ",""), Load_Booking_Report!AL:AL)), 0) )=0, "", INDEX(Load_Booking_Report!AR:AR, MATCH(TRUE, ISNUMBER(FIND(SUBSTITUTE(C340," ",""), Load_Booking_Report!AL:AL)), 0) ) ), "" )} | W340: {=IFERROR(INDEX(Load_Booking_Report!F:F, MATCH(TRUE, ISNUMBER(FIND(SUBSTITUTE(C340," ",""), Load_Booking_Report!AL:AL)), 0)), "Not Found")} | X340: {=IFERROR(INDEX(Load_Booking_Report!N:N, MATCH(TRUE, ISNUMBER(FIND(SUBSTITUTE(C340," ",""), Load_Booking_Report!AL:AL)), 0)), "Not Found")} | Y340: {=IFERROR(INDEX(Load_Booking_Report!V:V, MATCH(TRUE, ISNUMBER(FIND(SUBSTITUTE(C340," ",""), Load_Booking_Report!AL:AL)), 0)), "Not Found")} | Z340: {=IFERROR(INDEX(Load_Booking_Report!BC:BC, MATCH(TRUE, ISNUMBER(FIND(SUBSTITUTE(C340," ",""), Load_Booking_Report!AL:AL)), 0)), "Not Found")}
A341: 40 | B341: 400484 | C341: ANON0000000 | D341: 40 | E341: USNFK | F341: RULED | G341: 32951 | H341: ART | I341: 45R1 | K341: -18.0:CEL | L341: 9'6 | M341: Full | N341: RULED | P341: =C341 | Q341: {=IFERROR(INDEX(Load_Booking_Report!AC:AC, MATCH(TRUE, ISNUMBER(FIND(SUBSTITUTE(C341," ",""), Load_Booking_Report!AL:AL)), 0)), "Not Found")} | R341: {=IFERROR(INDEX(Load_Booking_Report!C:C, MATCH(TRUE, ISNUMBER(FIND(SUBSTITUTE(C341," ",""), Load_Booking_Report!AL:AL)), 0)), "Not Found")} | S341: {=IFERROR(INDEX(Load_Booking_Report!AG:AG, MATCH(TRUE, ISNUMBER(FIND(SUBSTITUTE(C341," ",""), Load_Booking_Report!AL:AL)), 0)), "Not Found")} | T341: =G341 | U341: {=IFERROR( IF( INDEX(Load_Booking_Report!AM:AM, MATCH(TRUE, ISNUMBER(FIND(SUBSTITUTE(C341," ",""), Load_Booking_Report!AL:AL)), 0) )=0, "", INDEX(Load_Booking_Report!AM:AM, MATCH(TRUE, ISNUMBER(FIND(SUBSTITUTE(C341," ",""), Load_Booking_Report!AL:AL)), 0) ) ), "" )} | V341: {=IFERROR( IF( INDEX(Load_Booking_Report!AR:AR, MATCH(TRUE, ISNUMBER(FIND(SUBSTITUTE(C341," ",""), Load_Booking_Report!AL:AL)), 0) )=0, "", INDEX(Load_Booking_Report!AR:AR, MATCH(TRUE, ISNUMBER(FIND(SUBSTITUTE(C341," ",""), Load_Booking_Report!AL:AL)), 0) ) ), "" )} | W341: {=IFERROR(INDEX(Load_Booking_Report!F:F, MATCH(TRUE, ISNUMBER(FIND(SUBSTITUTE(C341," ",""), Load_Booking_Report!AL:AL)), 0)), "Not Found")} | X341: {=IFERROR(INDEX(Load_Booking_Report!N:N, MATCH(TRUE, ISNUMBER(FIND(SUBSTITUTE(C341," ",""), Load_Booking_Report!AL:AL)), 0)), "Not Found")} | Y341: {=IFERROR(INDEX(Load_Booking_Report!V:V, MATCH(TRUE, ISNUMBER(FIND(SUBSTITUTE(C341," ",""), Load_Booking_Report!AL:AL)), 0)), "Not Found")} | Z341: {=IFERROR(INDEX(Load_Booking_Report!BC:BC, MATCH(TRUE, ISNUMBER(FIND(SUBSTITUTE(C341," ",""), Load_Booking_Report!AL:AL)), 0)), "Not Found")}
A342: 18 | B342: 180182 | C342: ANON0000000 | D342: 40 | E342: USNFK | F342: RULED | G342: 32668 | H342: ART | I342: 45R1 | K342: -18.0:CEL | L342: 9'6 | M342: Full | N342: RULED | P342: =C342 | Q342: {=IFERROR(INDEX(Load_Booking_Report!AC:AC, MATCH(TRUE, ISNUMBER(FIND(SUBSTITUTE(C342," ",""), Load_Booking_Report!AL:AL)), 0)), "Not Found")} | R342: {=IFERROR(INDEX(Load_Booking_Report!C:C, MATCH(TRUE, ISNUMBER(FIND(SUBSTITUTE(C342," ",""), Load_Booking_Report!AL:AL)), 0)), "Not Found")} | S342: {=IFERROR(INDEX(Load_Booking_Report!AG:AG, MATCH(TRUE, ISNUMBER(FIND(SUBSTITUTE(C342," ",""), Load_Booking_Report!AL:AL)), 0)), "Not Found")} | T342: =G342 | U342: {=IFERROR( IF( INDEX(Load_Booking_Report!AM:AM, MATCH(TRUE, ISNUMBER(FIND(SUBSTITUTE(C342," ",""), Load_Booking_Report!AL:AL)), 0) )=0, "", INDEX(Load_Booking_Report!AM:AM, MATCH(TRUE, ISNUMBER(FIND(SUBSTITUTE(C342," ",""), Load_Booking_Report!AL:AL)), 0) ) ), "" )} | V342: {=IFERROR( IF( INDEX(Load_Booking_Report!AR:AR, MATCH(TRUE, ISNUMBER(FIND(SUBSTITUTE(C342," ",""), Load_Booking_Report!AL:AL)), 0) )=0, "", INDEX(Load_Booking_Report!AR:AR, MATCH(TRUE, ISNUMBER(FIND(SUBSTITUTE(C342," ",""), Load_Booking_Report!AL:AL)), 0) ) ), "" )} | W342: {=IFERROR(INDEX(Load_Booking_Report!F:F, MATCH(TRUE, ISNUMBER(FIND(SUBSTITUTE(C342," ",""), Load_Booking_Report!AL:AL)), 0)), "Not Found")} | X342: {=IFERROR(INDEX(Load_Booking_Report!N:N, MATCH(TRUE, ISNUMBER(FIND(SUBSTITUTE(C342," ",""), Load_Booking_Report!AL:AL)), 0)), "Not Found")} | Y342: {=IFERROR(INDEX(Load_Booking_Report!V:V, MATCH(TRUE, ISNUMBER(FIND(SUBSTITUTE(C342," ",""), Load_Booking_Report!AL:AL)), 0)), "Not Found")} | Z342: {=IFERROR(INDEX(Load_Booking_Report!BC:BC, MATCH(TRUE, ISNUMBER(FIND(SUBSTITUTE(C342," ",""), Load_Booking_Report!AL:AL)), 0)), "Not Found")}
A343: 18 | B343: 181086 | C343: ANON0000000 | D343: 40 | E343: USNFK | F343: RULED | G343: 27889 | H343: ART | I343: 45R1 | K343: -18.0:CEL | L343: 9'6 | M343: Full | N343: RULED | P343: =C343 | Q343: {=IFERROR(INDEX(Load_Booking_Report!AC:AC, MATCH(TRUE, ISNUMBER(FIND(SUBSTITUTE(C343," ",""), Load_Booking_Report!AL:AL)), 0)), "Not Found")} | R343: {=IFERROR(INDEX(Load_Booking_Report!C:C, MATCH(TRUE, ISNUMBER(FIND(SUBSTITUTE(C343," ",""), Load_Booking_Report!AL:AL)), 0)), "Not Found")} | S343: {=IFERROR(INDEX(Load_Booking_Report!AG:AG, MATCH(TRUE, ISNUMBER(FIND(SUBSTITUTE(C343," ",""), Load_Booking_Report!AL:AL)), 0)), "Not Found")} | T343: =G343 | U343: {=IFERROR( IF( INDEX(Load_Booking_Report!AM:AM, MATCH(TRUE, ISNUMBER(FIND(SUBSTITUTE(C343," ",""), Load_Booking_Report!AL:AL)), 0) )=0, "", INDEX(Load_Booking_Report!AM:AM, MATCH(TRUE, ISNUMBER(FIND(SUBSTITUTE(C343," ",""), Load_Booking_Report!AL:AL)), 0) ) ), "" )} | V343: {=IFERROR( IF( INDEX(Load_Booking_Report!AR:AR, MATCH(TRUE, ISNUMBER(FIND(SUBSTITUTE(C343," ",""), Load_Booking_Report!AL:AL)), 0) )=0, "", INDEX(Load_Booking_Report!AR:AR, MATCH(TRUE, ISNUMBER(FIND(SUBSTITUTE(C343," ",""), Load_Booking_Report!AL:AL)), 0) ) ), "" )} | W343: {=IFERROR(INDEX(Load_Booking_Report!F:F, MATCH(TRUE, ISNUMBER(FIND(SUBSTITUTE(C343," ",""), Load_Booking_Report!AL:AL)), 0)), "Not Found")} | X343: {=IFERROR(INDEX(Load_Booking_Report!N:N, MATCH(TRUE, ISNUMBER(FIND(SUBSTITUTE(C343," ",""), Load_Booking_Report!AL:AL)), 0)), "Not Found")} | Y343: {=IFERROR(INDEX(Load_Booking_Report!V:V, MATCH(TRUE, ISNUMBER(FIND(SUBSTITUTE(C343," ",""), Load_Booking_Report!AL:AL)), 0)), "Not Found")} | Z343: {=IFERROR(INDEX(Load_Booking_Report!BC:BC, MATCH(TRUE, ISNUMBER(FIND(SUBSTITUTE(C343," ",""), Load_Booking_Report!AL:AL)), 0)), "Not Found")}
A344: 18 | B344: 180886 | C344: ANON0000000 | D344: 40 | E344: USNFK | F344: RULED | G344: 33587 | H344: ART | I344: 45R1 | K344: -18.0:CEL | L344: 9'6 | M344: Full | N344: RULED | P344: =C344 | Q344: {=IFERROR(INDEX(Load_Booking_Report!AC:AC, MATCH(TRUE, ISNUMBER(FIND(SUBSTITUTE(C344," ",""), Load_Booking_Report!AL:AL)), 0)), "Not Found")} | R344: {=IFERROR(INDEX(Load_Booking_Report!C:C, MATCH(TRUE, ISNUMBER(FIND(SUBSTITUTE(C344," ",""), Load_Booking_Report!AL:AL)), 0)), "Not Found")} | S344: {=IFERROR(INDEX(Load_Booking_Report!AG:AG, MATCH(TRUE, ISNUMBER(FIND(SUBSTITUTE(C344," ",""), Load_Booking_Report!AL:AL)), 0)), "Not Found")} | T344: =G344 | U344: {=IFERROR( IF( INDEX(Load_Booking_Report!AM:AM, MATCH(TRUE, ISNUMBER(FIND(SUBSTITUTE(C344," ",""), Load_Booking_Report!AL:AL)), 0) )=0, "", INDEX(Load_Booking_Report!AM:AM, MATCH(TRUE, ISNUMBER(FIND(SUBSTITUTE(C344," ",""), Load_Booking_Report!AL:AL)), 0) ) ), "" )} | V344: {=IFERROR( IF( INDEX(Load_Booking_Report!AR:AR, MATCH(TRUE, ISNUMBER(FIND(SUBSTITUTE(C344," ",""), Load_Booking_Report!AL:AL)), 0) )=0, "", INDEX(Load_Booking_Report!AR:AR, MATCH(TRUE, ISNUMBER(FIND(SUBSTITUTE(C344," ",""), Load_Booking_Report!AL:AL)), 0) ) ), "" )} | W344: {=IFERROR(INDEX(Load_Booking_Report!F:F, MATCH(TRUE, ISNUMBER(FIND(SUBSTITUTE(C344," ",""), Load_Booking_Report!AL:AL)), 0)), "Not Found")} | X344: {=IFERROR(INDEX(Load_Booking_Report!N:N, MATCH(TRUE, ISNUMBER(FIND(SUBSTITUTE(C344," ",""), Load_Booking_Report!AL:AL)), 0)), "Not Found")} | Y344: {=IFERROR(INDEX(Load_Booking_Report!V:V, MATCH(TRUE, ISNUMBER(FIND(SUBSTITUTE(C344," ",""), Load_Booking_Report!AL:AL)), 0)), "Not Found")} | Z344: {=IFERROR(INDEX(Load_Booking_Report!BC:BC, MATCH(TRUE, ISNUMBER(FIND(SUBSTITUTE(C344," ",""), Load_Booking_Report!AL:AL)), 0)), "Not Found")}
A345: 21 | B345: 210306 | C345: ANON0000000 | D345: 20 | E345: USNFK | F345: RULED | G345: 5340 | H345: ART | I345: 22G1 | L345: 8'6 | M345: Full | N345: RULED | P345: =C345 | Q345: {=IFERROR(INDEX(Load_Booking_Report!AC:AC, MATCH(TRUE, ISNUMBER(FIND(SUBSTITUTE(C345," ",""), Load_Booking_Report!AL:AL)), 0)), "Not Found")} | R345: {=IFERROR(INDEX(Load_Booking_Report!C:C, MATCH(TRUE, ISNUMBER(FIND(SUBSTITUTE(C345," ",""), Load_Booking_Report!AL:AL)), 0)), "Not Found")} | S345: {=IFERROR(INDEX(Load_Booking_Report!AG:AG, MATCH(TRUE, ISNUMBER(FIND(SUBSTITUTE(C345," ",""), Load_Booking_Report!AL:AL)), 0)), "Not Found")} | T345: =G345 | U345: {=IFERROR( IF( INDEX(Load_Booking_Report!AM:AM, MATCH(TRUE, ISNUMBER(FIND(SUBSTITUTE(C345," ",""), Load_Booking_Report!AL:AL)), 0) )=0, "", INDEX(Load_Booking_Report!AM:AM, MATCH(TRUE, ISNUMBER(FIND(SUBSTITUTE(C345," ",""), Load_Booking_Report!AL:AL)), 0) ) ), "" )} | V345: {=IFERROR( IF( INDEX(Load_Booking_Report!AR:AR, MATCH(TRUE, ISNUMBER(FIND(SUBSTITUTE(C345," ",""), Load_Booking_Report!AL:AL)), 0) )=0, "", INDEX(Load_Booking_Report!AR:AR, MATCH(TRUE, ISNUMBER(FIND(SUBSTITUTE(C345," ",""), Load_Booking_Report!AL:AL)), 0) ) ), "" )} | W345: {=IFERROR(INDEX(Load_Booking_Report!F:F, MATCH(TRUE, ISNUMBER(FIND(SUBSTITUTE(C345," ",""), Load_Booking_Report!AL:AL)), 0)), "Not Found")} | X345: {=IFERROR(INDEX(Load_Booking_Report!N:N, MATCH(TRUE, ISNUMBER(FIND(SUBSTITUTE(C345," ",""), Load_Booking_Report!AL:AL)), 0)), "Not Found")} | Y345: {=IFERROR(INDEX(Load_Booking_Report!V:V, MATCH(TRUE, ISNUMBER(FIND(SUBSTITUTE(C345," ",""), Load_Booking_Report!AL:AL)), 0)), "Not Found")} | Z345: {=IFERROR(INDEX(Load_Booking_Report!BC:BC, MATCH(TRUE, ISNUMBER(FIND(SUBSTITUTE(C345," ",""), Load_Booking_Report!AL:AL)), 0)), "Not Found")}
A346: 21 | B346: 210302 | C346: ANON0000000 | D346: 20 | E346: USNFK | F346: RULED | G346: 23440 | H346: ART | I346: 22G1 | L346: 8'6 | M346: Full | N346: RULED | P346: =C346 | Q346: {=IFERROR(INDEX(Load_Booking_Report!AC:AC, MATCH(TRUE, ISNUMBER(FIND(SUBSTITUTE(C346," ",""), Load_Booking_Report!AL:AL)), 0)), "Not Found")} | R346: {=IFERROR(INDEX(Load_Booking_Report!C:C, MATCH(TRUE, ISNUMBER(FIND(SUBSTITUTE(C346," ",""), Load_Booking_Report!AL:AL)), 0)), "Not Found")} | S346: {=IFERROR(INDEX(Load_Booking_Report!AG:AG, MATCH(TRUE, ISNUMBER(FIND(SUBSTITUTE(C346," ",""), Load_Booking_Report!AL:AL)), 0)), "Not Found")} | T346: =G346 | U346: {=IFERROR( IF( INDEX(Load_Booking_Report!AM:AM, MATCH(TRUE, ISNUMBER(FIND(SUBSTITUTE(C346," ",""), Load_Booking_Report!AL:AL)), 0) )=0, "", INDEX(Load_Booking_Report!AM:AM, MATCH(TRUE, ISNUMBER(FIND(SUBSTITUTE(C346," ",""), Load_Booking_Report!AL:AL)), 0) ) ), "" )} | V346: {=IFERROR( IF( INDEX(Load_Booking_Report!AR:AR, MATCH(TRUE, ISNUMBER(FIND(SUBSTITUTE(C346," ",""), Load_Booking_Report!AL:AL)), 0) )=0, "", INDEX(Load_Booking_Report!AR:AR, MATCH(TRUE, ISNUMBER(FIND(SUBSTITUTE(C346," ",""), Load_Booking_Report!AL:AL)), 0) ) ), "" )} | W346: {=IFERROR(INDEX(Load_Booking_Report!F:F, MATCH(TRUE, ISNUMBER(FIND(SUBSTITUTE(C346," ",""), Load_Booking_Report!AL:AL)), 0)), "Not Found")} | X346: {=IFERROR(INDEX(Load_Booking_Report!N:N, MATCH(TRUE, ISNUMBER(FIND(SUBSTITUTE(C346," ",""), Load_Booking_Report!AL:AL)), 0)), "Not Found")} | Y346: {=IFERROR(INDEX(Load_Booking_Report!V:V, MATCH(TRUE, ISNUMBER(FIND(SUBSTITUTE(C346," ",""), Load_Booking_Report!AL:AL)), 0)), "Not Found")} | Z346: {=IFERROR(INDEX(Load_Booking_Report!BC:BC, MATCH(TRUE, ISNUMBER(FIND(SUBSTITUTE(C346," ",""), Load_Booking_Report!AL:AL)), 0)), "Not Found")}
A347: 21 | B347: 210102 | C347: ANON0000000 | D347: 20 | E347: USNFK | F347: RULED | G347: 23560 | H347: ART | I347: 22G1 | L347: 8'6 | M347: Full | N347: RULED | P347: =C347 | Q347: {=IFERROR(INDEX(Load_Booking_Report!AC:AC, MATCH(TRUE, ISNUMBER(FIND(SUBSTITUTE(C347," ",""), Load_Booking_Report!AL:AL)), 0)), "Not Found")} | R347: {=IFERROR(INDEX(Load_Booking_Report!C:C, MATCH(TRUE, ISNUMBER(FIND(SUBSTITUTE(C347," ",""), Load_Booking_Report!AL:AL)), 0)), "Not Found")} | S347: {=IFERROR(INDEX(Load_Booking_Report!AG:AG, MATCH(TRUE, ISNUMBER(FIND(SUBSTITUTE(C347," ",""), Load_Booking_Report!AL:AL)), 0)), "Not Found")} | T347: =G347 | U347: {=IFERROR( IF( INDEX(Load_Booking_Report!AM:AM, MATCH(TRUE, ISNUMBER(FIND(SUBSTITUTE(C347," ",""), Load_Booking_Report!AL:AL)), 0) )=0, "", INDEX(Load_Booking_Report!AM:AM, MATCH(TRUE, ISNUMBER(FIND(SUBSTITUTE(C347," ",""), Load_Booking_Report!AL:AL)), 0) ) ), "" )} | V347: {=IFERROR( IF( INDEX(Load_Booking_Report!AR:AR, MATCH(TRUE, ISNUMBER(FIND(SUBSTITUTE(C347," ",""), Load_Booking_Report!AL:AL)), 0) )=0, "", INDEX(Load_Booking_Report!AR:AR, MATCH(TRUE, ISNUMBER(FIND(SUBSTITUTE(C347," ",""), Load_Booking_Report!AL:AL)), 0) ) ), "" )} | W347: {=IFERROR(INDEX(Load_Booking_Report!F:F, MATCH(TRUE, ISNUMBER(FIND(SUBSTITUTE(C347," ",""), Load_Booking_Report!AL:AL)), 0)), "Not Found")} | X347: {=IFERROR(INDEX(Load_Booking_Report!N:N, MATCH(TRUE, ISNUMBER(FIND(SUBSTITUTE(C347," ",""), Load_Booking_Report!AL:AL)), 0)), "Not Found")} | Y347: {=IFERROR(INDEX(Load_Booking_Report!V:V, MATCH(TRUE, ISNUMBER(FIND(SUBSTITUTE(C347," ",""), Load_Booking_Report!AL:AL)), 0)), "Not Found")} | Z347: {=IFERROR(INDEX(Load_Booking_Report!BC:BC, MATCH(TRUE, ISNUMBER(FIND(SUBSTITUTE(C347," ",""), Load_Booking_Report!AL:AL)), 0)), "Not Found")}
A348: 23 | B348: 230102 | C348: ANON0000000 | D348: 20 | E348: USNFK | F348: RULED | G348: 18540 | H348: ART | I348: 22G1 | L348: 8'6 | M348: Full | N348: RULED | P348: =C348 | Q348: {=IFERROR(INDEX(Load_Booking_Report!AC:AC, MATCH(TRUE, ISNUMBER(FIND(SUBSTITUTE(C348," ",""), Load_Booking_Report!AL:AL)), 0)), "Not Found")} | R348: {=IFERROR(INDEX(Load_Booking_Report!C:C, MATCH(TRUE, ISNUMBER(FIND(SUBSTITUTE(C348," ",""), Load_Booking_Report!AL:AL)), 0)), "Not Found")} | S348: {=IFERROR(INDEX(Load_Booking_Report!AG:AG, MATCH(TRUE, ISNUMBER(FIND(SUBSTITUTE(C348," ",""), Load_Booking_Report!AL:AL)), 0)), "Not Found")} | T348: =G348 | U348: {=IFERROR( IF( INDEX(Load_Booking_Report!AM:AM, MATCH(TRUE, ISNUMBER(FIND(SUBSTITUTE(C348," ",""), Load_Booking_Report!AL:AL)), 0) )=0, "", INDEX(Load_Booking_Report!AM:AM, MATCH(TRUE, ISNUMBER(FIND(SUBSTITUTE(C348," ",""), Load_Booking_Report!AL:AL)), 0) ) ), "" )} | V348: {=IFERROR( IF( INDEX(Load_Booking_Report!AR:AR, MATCH(TRUE, ISNUMBER(FIND(SUBSTITUTE(C348," ",""), Load_Booking_Report!AL:AL)), 0) )=0, "", INDEX(Load_Booking_Report!AR:AR, MATCH(TRUE, ISNUMBER(FIND(SUBSTITUTE(C348," ",""), Load_Booking_Report!AL:AL)), 0) ) ), "" )} | W348: {=IFERROR(INDEX(Load_Booking_Report!F:F, MATCH(TRUE, ISNUMBER(FIND(SUBSTITUTE(C348," ",""), Load_Booking_Report!AL:AL)), 0)), "Not Found")} | X348: {=IFERROR(INDEX(Load_Booking_Report!N:N, MATCH(TRUE, ISNUMBER(FIND(SUBSTITUTE(C348," ",""), Load_Booking_Report!AL:AL)), 0)), "Not Found")} | Y348: {=IFERROR(INDEX(Load_Booking_Report!V:V, MATCH(TRUE, ISNUMBER(FIND(SUBSTITUTE(C348," ",""), Load_Booking_Report!AL:AL)), 0)), "Not Found")} | Z348: {=IFERROR(INDEX(Load_Booking_Report!BC:BC, MATCH(TRUE, ISNUMBER(FIND(SUBSTITUTE(C348," ",""), Load_Booking_Report!AL:AL)), 0)), "Not Found")}
A349: 21 | B349: 210304 | C349: ANON0000000 | D349: 20 | E349: USNFK | F349: RULED | G349: 23820 | H349: ART | I349: 22G1 | L349: 8'6 | M349: Full | N349: RULED | P349: =C349 | Q349: {=IFERROR(INDEX(Load_Booking_Report!AC:AC, MATCH(TRUE, ISNUMBER(FIND(SUBSTITUTE(C349," ",""), Load_Booking_Report!AL:AL)), 0)), "Not Found")} | R349: {=IFERROR(INDEX(Load_Booking_Report!C:C, MATCH(TRUE, ISNUMBER(FIND(SUBSTITUTE(C349," ",""), Load_Booking_Report!AL:AL)), 0)), "Not Found")} | S349: {=IFERROR(INDEX(Load_Booking_Report!AG:AG, MATCH(TRUE, ISNUMBER(FIND(SUBSTITUTE(C349," ",""), Load_Booking_Report!AL:AL)), 0)), "Not Found")} | T349: =G349 | U349: {=IFERROR( IF( INDEX(Load_Booking_Report!AM:AM, MATCH(TRUE, ISNUMBER(FIND(SUBSTITUTE(C349," ",""), Load_Booking_Report!AL:AL)), 0) )=0, "", INDEX(Load_Booking_Report!AM:AM, MATCH(TRUE, ISNUMBER(FIND(SUBSTITUTE(C349," ",""), Load_Booking_Report!AL:AL)), 0) ) ), "" )} | V349: {=IFERROR( IF( INDEX(Load_Booking_Report!AR:AR, MATCH(TRUE, ISNUMBER(FIND(SUBSTITUTE(C349," ",""), Load_Booking_Report!AL:AL)), 0) )=0, "", INDEX(Load_Booking_Report!AR:AR, MATCH(TRUE, ISNUMBER(FIND(SUBSTITUTE(C349," ",""), Load_Booking_Report!AL:AL)), 0) ) ), "" )} | W349: {=IFERROR(INDEX(Load_Booking_Report!F:F, MATCH(TRUE, ISNUMBER(FIND(SUBSTITUTE(C349," ",""), Load_Booking_Report!AL:AL)), 0)), "Not Found")} | X349: {=IFERROR(INDEX(Load_Booking_Report!N:N, MATCH(TRUE, ISNUMBER(FIND(SUBSTITUTE(C349," ",""), Load_Booking_Report!AL:AL)), 0)), "Not Found")} | Y349: {=IFERROR(INDEX(Load_Booking_Report!V:V, MATCH(TRUE, ISNUMBER(FIND(SUBSTITUTE(C349," ",""), Load_Booking_Report!AL:AL)), 0)), "Not Found")} | Z349: {=IFERROR(INDEX(Load_Booking_Report!BC:BC, MATCH(TRUE, ISNUMBER(FIND(SUBSTITUTE(C349," ",""), Load_Booking_Report!AL:AL)), 0)), "Not Found")}
A350: 6 | B350: 60784 | C350: ANON0000000 | D350: 40 | E350: USNFK | F350: RULED | G350: 32580 | H350: ART | I350: 45R1 | K350: -18.0:CEL | L350: 9'6 | M350: Full | N350: RULED | P350: =C350 | Q350: {=IFERROR(INDEX(Load_Booking_Report!AC:AC, MATCH(TRUE, ISNUMBER(FIND(SUBSTITUTE(C350," ",""), Load_Booking_Report!AL:AL)), 0)), "Not Found")} | R350: {=IFERROR(INDEX(Load_Booking_Report!C:C, MATCH(TRUE, ISNUMBER(FIND(SUBSTITUTE(C350," ",""), Load_Booking_Report!AL:AL)), 0)), "Not Found")} | S350: {=IFERROR(INDEX(Load_Booking_Report!AG:AG, MATCH(TRUE, ISNUMBER(FIND(SUBSTITUTE(C350," ",""), Load_Booking_Report!AL:AL)), 0)), "Not Found")} | T350: =G350 | U350: {=IFERROR( IF( INDEX(Load_Booking_Report!AM:AM, MATCH(TRUE, ISNUMBER(FIND(SUBSTITUTE(C350," ",""), Load_Booking_Report!AL:AL)), 0) )=0, "", INDEX(Load_Booking_Report!AM:AM, MATCH(TRUE, ISNUMBER(FIND(SUBSTITUTE(C350," ",""), Load_Booking_Report!AL:AL)), 0) ) ), "" )} | V350: {=IFERROR( IF( INDEX(Load_Booking_Report!AR:AR, MATCH(TRUE, ISNUMBER(FIND(SUBSTITUTE(C350," ",""), Load_Booking_Report!AL:AL)), 0) )=0, "", INDEX(Load_Booking_Report!AR:AR, MATCH(TRUE, ISNUMBER(FIND(SUBSTITUTE(C350," ",""), Load_Booking_Report!AL:AL)), 0) ) ), "" )} | W350: {=IFERROR(INDEX(Load_Booking_Report!F:F, MATCH(TRUE, ISNUMBER(FIND(SUBSTITUTE(C350," ",""), Load_Booking_Report!AL:AL)), 0)), "Not Found")} | X350: {=IFERROR(INDEX(Load_Booking_Report!N:N, MATCH(TRUE, ISNUMBER(FIND(SUBSTITUTE(C350," ",""), Load_Booking_Report!AL:AL)), 0)), "Not Found")} | Y350: {=IFERROR(INDEX(Load_Booking_Report!V:V, MATCH(TRUE, ISNUMBER(FIND(SUBSTITUTE(C350," ",""), Load_Booking_Report!AL:AL)), 0)), "Not Found")} | Z350: {=IFERROR(INDEX(Load_Booking_Report!BC:BC, MATCH(TRUE, ISNUMBER(FIND(SUBSTITUTE(C350," ",""), Load_Booking_Report!AL:AL)), 0)), "Not Found")}
A351: 2 | B351: 20084 | C351: ANON0000000 | D351: 40 | E351: USNFK | F351: RULED | G351: 32220 | H351: ART | I351: 45R1 | K351: -18.0:CEL | L351: 9'6 | M351: Full | N351: RULED | P351: =C351 | Q351: {=IFERROR(INDEX(Load_Booking_Report!AC:AC, MATCH(TRUE, ISNUMBER(FIND(SUBSTITUTE(C351," ",""), Load_Booking_Report!AL:AL)), 0)), "Not Found")} | R351: {=IFERROR(INDEX(Load_Booking_Report!C:C, MATCH(TRUE, ISNUMBER(FIND(SUBSTITUTE(C351," ",""), Load_Booking_Report!AL:AL)), 0)), "Not Found")} | S351: {=IFERROR(INDEX(Load_Booking_Report!AG:AG, MATCH(TRUE, ISNUMBER(FIND(SUBSTITUTE(C351," ",""), Load_Booking_Report!AL:AL)), 0)), "Not Found")} | T351: =G351 | U351: {=IFERROR( IF( INDEX(Load_Booking_Report!AM:AM, MATCH(TRUE, ISNUMBER(FIND(SUBSTITUTE(C351," ",""), Load_Booking_Report!AL:AL)), 0) )=0, "", INDEX(Load_Booking_Report!AM:AM, MATCH(TRUE, ISNUMBER(FIND(SUBSTITUTE(C351," ",""), Load_Booking_Report!AL:AL)), 0) ) ), "" )} | V351: {=IFERROR( IF( INDEX(Load_Booking_Report!AR:AR, MATCH(TRUE, ISNUMBER(FIND(SUBSTITUTE(C351," ",""), Load_Booking_Report!AL:AL)), 0) )=0, "", INDEX(Load_Booking_Report!AR:AR, MATCH(TRUE, ISNUMBER(FIND(SUBSTITUTE(C351," ",""), Load_Booking_Report!AL:AL)), 0) ) ), "" )} | W351: {=IFERROR(INDEX(Load_Booking_Report!F:F, MATCH(TRUE, ISNUMBER(FIND(SUBSTITUTE(C351," ",""), Load_Booking_Report!AL:AL)), 0)), "Not Found")} | X351: {=IFERROR(INDEX(Load_Booking_Report!N:N, MATCH(TRUE, ISNUMBER(FIND(SUBSTITUTE(C351," ",""), Load_Booking_Report!AL:AL)), 0)), "Not Found")} | Y351: {=IFERROR(INDEX(Load_Booking_Report!V:V, MATCH(TRUE, ISNUMBER(FIND(SUBSTITUTE(C351," ",""), Load_Booking_Report!AL:AL)), 0)), "Not Found")} | Z351: {=IFERROR(INDEX(Load_Booking_Report!BC:BC, MATCH(TRUE, ISNUMBER(FIND(SUBSTITUTE(C351," ",""), Load_Booking_Report!AL:AL)), 0)), "Not Found")}
A352: 22 | B352: 220482 | C352: ANON0000000 | D352: 40 | E352: USNFK | F352: RULED | G352: 32760 | H352: ART | I352: 45R1 | K352: -18.0:CEL | L352: 9'6 | M352: Full | N352: RULED | P352: =C352 | Q352: {=IFERROR(INDEX(Load_Booking_Report!AC:AC, MATCH(TRUE, ISNUMBER(FIND(SUBSTITUTE(C352," ",""), Load_Booking_Report!AL:AL)), 0)), "Not Found")} | R352: {=IFERROR(INDEX(Load_Booking_Report!C:C, MATCH(TRUE, ISNUMBER(FIND(SUBSTITUTE(C352," ",""), Load_Booking_Report!AL:AL)), 0)), "Not Found")} | S352: {=IFERROR(INDEX(Load_Booking_Report!AG:AG, MATCH(TRUE, ISNUMBER(FIND(SUBSTITUTE(C352," ",""), Load_Booking_Report!AL:AL)), 0)), "Not Found")} | T352: =G352 | U352: {=IFERROR( IF( INDEX(Load_Booking_Report!AM:AM, MATCH(TRUE, ISNUMBER(FIND(SUBSTITUTE(C352," ",""), Load_Booking_Report!AL:AL)), 0) )=0, "", INDEX(Load_Booking_Report!AM:AM, MATCH(TRUE, ISNUMBER(FIND(SUBSTITUTE(C352," ",""), Load_Booking_Report!AL:AL)), 0) ) ), "" )} | V352: {=IFERROR( IF( INDEX(Load_Booking_Report!AR:AR, MATCH(TRUE, ISNUMBER(FIND(SUBSTITUTE(C352," ",""), Load_Booking_Report!AL:AL)), 0) )=0, "", INDEX(Load_Booking_Report!AR:AR, MATCH(TRUE, ISNUMBER(FIND(SUBSTITUTE(C352," ",""), Load_Booking_Report!AL:AL)), 0) ) ), "" )} | W352: {=IFERROR(INDEX(Load_Booking_Report!F:F, MATCH(TRUE, ISNUMBER(FIND(SUBSTITUTE(C352," ",""), Load_Booking_Report!AL:AL)), 0)), "Not Found")} | X352: {=IFERROR(INDEX(Load_Booking_Report!N:N, MATCH(TRUE, ISNUMBER(FIND(SUBSTITUTE(C352," ",""), Load_Booking_Report!AL:AL)), 0)), "Not Found")} | Y352: {=IFERROR(INDEX(Load_Booking_Report!V:V, MATCH(TRUE, ISNUMBER(FIND(SUBSTITUTE(C352," ",""), Load_Booking_Report!AL:AL)), 0)), "Not Found")} | Z352: {=IFERROR(INDEX(Load_Booking_Report!BC:BC, MATCH(TRUE, ISNUMBER(FIND(SUBSTITUTE(C352," ",""), Load_Booking_Report!AL:AL)), 0)), "Not Found")}
A353: 6 | B353: 60484 | C353: ANON0000000 | D353: 40 | E353: USNFK | F353: RULED | G353: 32620 | H353: ART | I353: 45R1 | K353: -18.0:CEL | L353: 9'6 | M353: Full | N353: RULED | P353: =C353 | Q353: {=IFERROR(INDEX(Load_Booking_Report!AC:AC, MATCH(TRUE, ISNUMBER(FIND(SUBSTITUTE(C353," ",""), Load_Booking_Report!AL:AL)), 0)), "Not Found")} | R353: {=IFERROR(INDEX(Load_Booking_Report!C:C, MATCH(TRUE, ISNUMBER(FIND(SUBSTITUTE(C353," ",""), Load_Booking_Report!AL:AL)), 0)), "Not Found")} | S353: {=IFERROR(INDEX(Load_Booking_Report!AG:AG, MATCH(TRUE, ISNUMBER(FIND(SUBSTITUTE(C353," ",""), Load_Booking_Report!AL:AL)), 0)), "Not Found")} | T353: =G353 | U353: {=IFERROR( IF( INDEX(Load_Booking_Report!AM:AM, MATCH(TRUE, ISNUMBER(FIND(SUBSTITUTE(C353," ",""), Load_Booking_Report!AL:AL)), 0) )=0, "", INDEX(Load_Booking_Report!AM:AM, MATCH(TRUE, ISNUMBER(FIND(SUBSTITUTE(C353," ",""), Load_Booking_Report!AL:AL)), 0) ) ), "" )} | V353: {=IFERROR( IF( INDEX(Load_Booking_Report!AR:AR, MATCH(TRUE, ISNUMBER(FIND(SUBSTITUTE(C353," ",""), Load_Booking_Report!AL:AL)), 0) )=0, "", INDEX(Load_Booking_Report!AR:AR, MATCH(TRUE, ISNUMBER(FIND(SUBSTITUTE(C353," ",""), Load_Booking_Report!AL:AL)), 0) ) ), "" )} | W353: {=IFERROR(INDEX(Load_Booking_Report!F:F, MATCH(TRUE, ISNUMBER(FIND(SUBSTITUTE(C353," ",""), Load_Booking_Report!AL:AL)), 0)), "Not Found")} | X353: {=IFERROR(INDEX(Load_Booking_Report!N:N, MATCH(TRUE, ISNUMBER(FIND(SUBSTITUTE(C353," ",""), Load_Booking_Report!AL:AL)), 0)), "Not Found")} | Y353: {=IFERROR(INDEX(Load_Booking_Report!V:V, MATCH(TRUE, ISNUMBER(FIND(SUBSTITUTE(C353," ",""), Load_Booking_Report!AL:AL)), 0)), "Not Found")} | Z353: {=IFERROR(INDEX(Load_Booking_Report!BC:BC, MATCH(TRUE, ISNUMBER(FIND(SUBSTITUTE(C353," ",""), Load_Booking_Report!AL:AL)), 0)), "Not Found")}
A354: 2 | B354: 20082 | C354: ANON0000000 | D354: 40 | E354: USNFK | F354: RULED | G354: 32560 | H354: ART | I354: 45R1 | K354: -18.0:CEL | L354: 9'6 | M354: Full | N354: RULED | P354: =C354 | Q354: {=IFERROR(INDEX(Load_Booking_Report!AC:AC, MATCH(TRUE, ISNUMBER(FIND(SUBSTITUTE(C354," ",""), Load_Booking_Report!AL:AL)), 0)), "Not Found")} | R354: {=IFERROR(INDEX(Load_Booking_Report!C:C, MATCH(TRUE, ISNUMBER(FIND(SUBSTITUTE(C354," ",""), Load_Booking_Report!AL:AL)), 0)), "Not Found")} | S354: {=IFERROR(INDEX(Load_Booking_Report!AG:AG, MATCH(TRUE, ISNUMBER(FIND(SUBSTITUTE(C354," ",""), Load_Booking_Report!AL:AL)), 0)), "Not Found")} | T354: =G354 | U354: {=IFERROR( IF( INDEX(Load_Booking_Report!AM:AM, MATCH(TRUE, ISNUMBER(FIND(SUBSTITUTE(C354," ",""), Load_Booking_Report!AL:AL)), 0) )=0, "", INDEX(Load_Booking_Report!AM:AM, MATCH(TRUE, ISNUMBER(FIND(SUBSTITUTE(C354," ",""), Load_Booking_Report!AL:AL)), 0) ) ), "" )} | V354: {=IFERROR( IF( INDEX(Load_Booking_Report!AR:AR, MATCH(TRUE, ISNUMBER(FIND(SUBSTITUTE(C354," ",""), Load_Booking_Report!AL:AL)), 0) )=0, "", INDEX(Load_Booking_Report!AR:AR, MATCH(TRUE, ISNUMBER(FIND(SUBSTITUTE(C354," ",""), Load_Booking_Report!AL:AL)), 0) ) ), "" )} | W354: {=IFERROR(INDEX(Load_Booking_Report!F:F, MATCH(TRUE, ISNUMBER(FIND(SUBSTITUTE(C354," ",""), Load_Booking_Report!AL:AL)), 0)), "Not Found")} | X354: {=IFERROR(INDEX(Load_Booking_Report!N:N, MATCH(TRUE, ISNUMBER(FIND(SUBSTITUTE(C354," ",""), Load_Booking_Report!AL:AL)), 0)), "Not Found")} | Y354: {=IFERROR(INDEX(Load_Booking_Report!V:V, MATCH(TRUE, ISNUMBER(FIND(SUBSTITUTE(C354," ",""), Load_Booking_Report!AL:AL)), 0)), "Not Found")} | Z354: {=IFERROR(INDEX(Load_Booking_Report!BC:BC, MATCH(TRUE, ISNUMBER(FIND(SUBSTITUTE(C354," ",""), Load_Booking_Report!AL:AL)), 0)), "Not Found")}
A355: 6 | B355: 60684 | C355: ANON0000000 | D355: 40 | E355: USNFK | F355: RULED | G355: 32580 | H355: ART | I355: 45R1 | K355: -18.0:CEL | L355: 9'6 | M355: Full | N355: RULED | P355: =C355 | Q355: {=IFERROR(INDEX(Load_Booking_Report!AC:AC, MATCH(TRUE, ISNUMBER(FIND(SUBSTITUTE(C355," ",""), Load_Booking_Report!AL:AL)), 0)), "Not Found")} | R355: {=IFERROR(INDEX(Load_Booking_Report!C:C, MATCH(TRUE, ISNUMBER(FIND(SUBSTITUTE(C355," ",""), Load_Booking_Report!AL:AL)), 0)), "Not Found")} | S355: {=IFERROR(INDEX(Load_Booking_Report!AG:AG, MATCH(TRUE, ISNUMBER(FIND(SUBSTITUTE(C355," ",""), Load_Booking_Report!AL:AL)), 0)), "Not Found")} | T355: =G355 | U355: {=IFERROR( IF( INDEX(Load_Booking_Report!AM:AM, MATCH(TRUE, ISNUMBER(FIND(SUBSTITUTE(C355," ",""), Load_Booking_Report!AL:AL)), 0) )=0, "", INDEX(Load_Booking_Report!AM:AM, MATCH(TRUE, ISNUMBER(FIND(SUBSTITUTE(C355," ",""), Load_Booking_Report!AL:AL)), 0) ) ), "" )} | V355: {=IFERROR( IF( INDEX(Load_Booking_Report!AR:AR, MATCH(TRUE, ISNUMBER(FIND(SUBSTITUTE(C355," ",""), Load_Booking_Report!AL:AL)), 0) )=0, "", INDEX(Load_Booking_Report!AR:AR, MATCH(TRUE, ISNUMBER(FIND(SUBSTITUTE(C355," ",""), Load_Booking_Report!AL:AL)), 0) ) ), "" )} | W355: {=IFERROR(INDEX(Load_Booking_Report!F:F, MATCH(TRUE, ISNUMBER(FIND(SUBSTITUTE(C355," ",""), Load_Booking_Report!AL:AL)), 0)), "Not Found")} | X355: {=IFERROR(INDEX(Load_Booking_Report!N:N, MATCH(TRUE, ISNUMBER(FIND(SUBSTITUTE(C355," ",""), Load_Booking_Report!AL:AL)), 0)), "Not Found")} | Y355: {=IFERROR(INDEX(Load_Booking_Report!V:V, MATCH(TRUE, ISNUMBER(FIND(SUBSTITUTE(C355," ",""), Load_Booking_Report!AL:AL)), 0)), "Not Found")} | Z355: {=IFERROR(INDEX(Load_Booking_Report!BC:BC, MATCH(TRUE, ISNUMBER(FIND(SUBSTITUTE(C355," ",""), Load_Booking_Report!AL:AL)), 0)), "Not Found")}
A356: 18 | B356: 180686 | C356: ANON0000000 | D356: 40 | E356: USNFK | F356: RULED | G356: 32780 | H356: ART | I356: 45R1 | K356: -18.0:CEL | L356: 9'6 | M356: Full | N356: RULED | P356: =C356 | Q356: {=IFERROR(INDEX(Load_Booking_Report!AC:AC, MATCH(TRUE, ISNUMBER(FIND(SUBSTITUTE(C356," ",""), Load_Booking_Report!AL:AL)), 0)), "Not Found")} | R356: {=IFERROR(INDEX(Load_Booking_Report!C:C, MATCH(TRUE, ISNUMBER(FIND(SUBSTITUTE(C356," ",""), Load_Booking_Report!AL:AL)), 0)), "Not Found")} | S356: {=IFERROR(INDEX(Load_Booking_Report!AG:AG, MATCH(TRUE, ISNUMBER(FIND(SUBSTITUTE(C356," ",""), Load_Booking_Report!AL:AL)), 0)), "Not Found")} | T356: =G356 | U356: {=IFERROR( IF( INDEX(Load_Booking_Report!AM:AM, MATCH(TRUE, ISNUMBER(FIND(SUBSTITUTE(C356," ",""), Load_Booking_Report!AL:AL)), 0) )=0, "", INDEX(Load_Booking_Report!AM:AM, MATCH(TRUE, ISNUMBER(FIND(SUBSTITUTE(C356," ",""), Load_Booking_Report!AL:AL)), 0) ) ), "" )} | V356: {=IFERROR( IF( INDEX(Load_Booking_Report!AR:AR, MATCH(TRUE, ISNUMBER(FIND(SUBSTITUTE(C356," ",""), Load_Booking_Report!AL:AL)), 0) )=0, "", INDEX(Load_Booking_Report!AR:AR, MATCH(TRUE, ISNUMBER(FIND(SUBSTITUTE(C356," ",""), Load_Booking_Report!AL:AL)), 0) ) ), "" )} | W356: {=IFERROR(INDEX(Load_Booking_Report!F:F, MATCH(TRUE, ISNUMBER(FIND(SUBSTITUTE(C356," ",""), Load_Booking_Report!AL:AL)), 0)), "Not Found")} | X356: {=IFERROR(INDEX(Load_Booking_Report!N:N, MATCH(TRUE, ISNUMBER(FIND(SUBSTITUTE(C356," ",""), Load_Booking_Report!AL:AL)), 0)), "Not Found")} | Y356: {=IFERROR(INDEX(Load_Booking_Report!V:V, MATCH(TRUE, ISNUMBER(FIND(SUBSTITUTE(C356," ",""), Load_Booking_Report!AL:AL)), 0)), "Not Found")} | Z356: {=IFERROR(INDEX(Load_Booking_Report!BC:BC, MATCH(TRUE, ISNUMBER(FIND(SUBSTITUTE(C356," ",""), Load_Booking_Report!AL:AL)), 0)), "Not Found")}
A357: 22 | B357: 220182 | C357: ANON0000000 | D357: 40 | E357: USNFK | F357: RULED | G357: 32720 | H357: ART | I357: 45R1 | K357: -18.0:CEL | L357: 9'6 | M357: Full | N357: RULED | P357: =C357 | Q357: {=IFERROR(INDEX(Load_Booking_Report!AC:AC, MATCH(TRUE, ISNUMBER(FIND(SUBSTITUTE(C357," ",""), Load_Booking_Report!AL:AL)), 0)), "Not Found")} | R357: {=IFERROR(INDEX(Load_Booking_Report!C:C, MATCH(TRUE, ISNUMBER(FIND(SUBSTITUTE(C357," ",""), Load_Booking_Report!AL:AL)), 0)), "Not Found")} | S357: {=IFERROR(INDEX(Load_Booking_Report!AG:AG, MATCH(TRUE, ISNUMBER(FIND(SUBSTITUTE(C357," ",""), Load_Booking_Report!AL:AL)), 0)), "Not Found")} | T357: =G357 | U357: {=IFERROR( IF( INDEX(Load_Booking_Report!AM:AM, MATCH(TRUE, ISNUMBER(FIND(SUBSTITUTE(C357," ",""), Load_Booking_Report!AL:AL)), 0) )=0, "", INDEX(Load_Booking_Report!AM:AM, MATCH(TRUE, ISNUMBER(FIND(SUBSTITUTE(C357," ",""), Load_Booking_Report!AL:AL)), 0) ) ), "" )} | V357: {=IFERROR( IF( INDEX(Load_Booking_Report!AR:AR, MATCH(TRUE, ISNUMBER(FIND(SUBSTITUTE(C357," ",""), Load_Booking_Report!AL:AL)), 0) )=0, "", INDEX(Load_Booking_Report!AR:AR, MATCH(TRUE, ISNUMBER(FIND(SUBSTITUTE(C357," ",""), Load_Booking_Report!AL:AL)), 0) ) ), "" )} | W357: {=IFERROR(INDEX(Load_Booking_Report!F:F, MATCH(TRUE, ISNUMBER(FIND(SUBSTITUTE(C357," ",""), Load_Booking_Report!AL:AL)), 0)), "Not Found")} | X357: {=IFERROR(INDEX(Load_Booking_Report!N:N, MATCH(TRUE, ISNUMBER(FIND(SUBSTITUTE(C357," ",""), Load_Booking_Report!AL:AL)), 0)), "Not Found")} | Y357: {=IFERROR(INDEX(Load_Booking_Report!V:V, MATCH(TRUE, ISNUMBER(FIND(SUBSTITUTE(C357," ",""), Load_Booking_Report!AL:AL)), 0)), "Not Found")} | Z357: {=IFERROR(INDEX(Load_Booking_Report!BC:BC, MATCH(TRUE, ISNUMBER(FIND(SUBSTITUTE(C357," ",""), Load_Booking_Report!AL:AL)), 0)), "Not Found")}
A358: 22 | B358: 220682 | C358: ANON0000000 | D358: 40 | E358: USNFK | F358: RULED | G358: 32740 | H358: ART | I358: 45R1 | K358: -18.0:CEL | L358: 9'6 | M358: Full | N358: RULED | P358: =C358 | Q358: {=IFERROR(INDEX(Load_Booking_Report!AC:AC, MATCH(TRUE, ISNUMBER(FIND(SUBSTITUTE(C358," ",""), Load_Booking_Report!AL:AL)), 0)), "Not Found")} | R358: {=IFERROR(INDEX(Load_Booking_Report!C:C, MATCH(TRUE, ISNUMBER(FIND(SUBSTITUTE(C358," ",""), Load_Booking_Report!AL:AL)), 0)), "Not Found")} | S358: {=IFERROR(INDEX(Load_Booking_Report!AG:AG, MATCH(TRUE, ISNUMBER(FIND(SUBSTITUTE(C358," ",""), Load_Booking_Report!AL:AL)), 0)), "Not Found")} | T358: =G358 | U358: {=IFERROR( IF( INDEX(Load_Booking_Report!AM:AM, MATCH(TRUE, ISNUMBER(FIND(SUBSTITUTE(C358," ",""), Load_Booking_Report!AL:AL)), 0) )=0, "", INDEX(Load_Booking_Report!AM:AM, MATCH(TRUE, ISNUMBER(FIND(SUBSTITUTE(C358," ",""), Load_Booking_Report!AL:AL)), 0) ) ), "" )} | V358: {=IFERROR( IF( INDEX(Load_Booking_Report!AR:AR, MATCH(TRUE, ISNUMBER(FIND(SUBSTITUTE(C358," ",""), Load_Booking_Report!AL:AL)), 0) )=0, "", INDEX(Load_Booking_Report!AR:AR, MATCH(TRUE, ISNUMBER(FIND(SUBSTITUTE(C358," ",""), Load_Booking_Report!AL:AL)), 0) ) ), "" )} | W358: {=IFERROR(INDEX(Load_Booking_Report!F:F, MATCH(TRUE, ISNUMBER(FIND(SUBSTITUTE(C358," ",""), Load_Booking_Report!AL:AL)), 0)), "Not Found")} | X358: {=IFERROR(INDEX(Load_Booking_Report!N:N, MATCH(TRUE, ISNUMBER(FIND(SUBSTITUTE(C358," ",""), Load_Booking_Report!AL:AL)), 0)), "Not Found")} | Y358: {=IFERROR(INDEX(Load_Booking_Report!V:V, MATCH(TRUE, ISNUMBER(FIND(SUBSTITUTE(C358," ",""), Load_Booking_Report!AL:AL)), 0)), "Not Found")} | Z358: {=IFERROR(INDEX(Load_Booking_Report!BC:BC, MATCH(TRUE, ISNUMBER(FIND(SUBSTITUTE(C358," ",""), Load_Booking_Report!AL:AL)), 0)), "Not Found")}
A359: 10 | B359: 100182 | C359: ANON0000000 | D359: 40 | E359: USNFK | F359: RULED | G359: 32960 | H359: ART | I359: 45R1 | K359: -18.0:CEL | L359: 9'6 | M359: Full | N359: RULED | P359: =C359 | Q359: {=IFERROR(INDEX(Load_Booking_Report!AC:AC, MATCH(TRUE, ISNUMBER(FIND(SUBSTITUTE(C359," ",""), Load_Booking_Report!AL:AL)), 0)), "Not Found")} | R359: {=IFERROR(INDEX(Load_Booking_Report!C:C, MATCH(TRUE, ISNUMBER(FIND(SUBSTITUTE(C359," ",""), Load_Booking_Report!AL:AL)), 0)), "Not Found")} | S359: {=IFERROR(INDEX(Load_Booking_Report!AG:AG, MATCH(TRUE, ISNUMBER(FIND(SUBSTITUTE(C359," ",""), Load_Booking_Report!AL:AL)), 0)), "Not Found")} | T359: =G359 | U359: {=IFERROR( IF( INDEX(Load_Booking_Report!AM:AM, MATCH(TRUE, ISNUMBER(FIND(SUBSTITUTE(C359," ",""), Load_Booking_Report!AL:AL)), 0) )=0, "", INDEX(Load_Booking_Report!AM:AM, MATCH(TRUE, ISNUMBER(FIND(SUBSTITUTE(C359," ",""), Load_Booking_Report!AL:AL)), 0) ) ), "" )} | V359: {=IFERROR( IF( INDEX(Load_Booking_Report!AR:AR, MATCH(TRUE, ISNUMBER(FIND(SUBSTITUTE(C359," ",""), Load_Booking_Report!AL:AL)), 0) )=0, "", INDEX(Load_Booking_Report!AR:AR, MATCH(TRUE, ISNUMBER(FIND(SUBSTITUTE(C359," ",""), Load_Booking_Report!AL:AL)), 0) ) ), "" )} | W359: {=IFERROR(INDEX(Load_Booking_Report!F:F, MATCH(TRUE, ISNUMBER(FIND(SUBSTITUTE(C359," ",""), Load_Booking_Report!AL:AL)), 0)), "Not Found")} | X359: {=IFERROR(INDEX(Load_Booking_Report!N:N, MATCH(TRUE, ISNUMBER(FIND(SUBSTITUTE(C359," ",""), Load_Booking_Report!AL:AL)), 0)), "Not Found")} | Y359: {=IFERROR(INDEX(Load_Booking_Report!V:V, MATCH(TRUE, ISNUMBER(FIND(SUBSTITUTE(C359," ",""), Load_Booking_Report!AL:AL)), 0)), "Not Found")} | Z359: {=IFERROR(INDEX(Load_Booking_Report!BC:BC, MATCH(TRUE, ISNUMBER(FIND(SUBSTITUTE(C359," ",""), Load_Booking_Report!AL:AL)), 0)), "Not Found")}
A360: 22 | B360: 221082 | C360: ANON0000000 | D360: 40 | E360: USNFK | F360: RULED | G360: 32640 | H360: ART | I360: 45R1 | K360: -18.0:CEL | L360: 9'6 | M360: Full | N360: RULED | P360: =C360 | Q360: {=IFERROR(INDEX(Load_Booking_Report!AC:AC, MATCH(TRUE, ISNUMBER(FIND(SUBSTITUTE(C360," ",""), Load_Booking_Report!AL:AL)), 0)), "Not Found")} | R360: {=IFERROR(INDEX(Load_Booking_Report!C:C, MATCH(TRUE, ISNUMBER(FIND(SUBSTITUTE(C360," ",""), Load_Booking_Report!AL:AL)), 0)), "Not Found")} | S360: {=IFERROR(INDEX(Load_Booking_Report!AG:AG, MATCH(TRUE, ISNUMBER(FIND(SUBSTITUTE(C360," ",""), Load_Booking_Report!AL:AL)), 0)), "Not Found")} | T360: =G360 | U360: {=IFERROR( IF( INDEX(Load_Booking_Report!AM:AM, MATCH(TRUE, ISNUMBER(FIND(SUBSTITUTE(C360," ",""), Load_Booking_Report!AL:AL)), 0) )=0, "", INDEX(Load_Booking_Report!AM:AM, MATCH(TRUE, ISNUMBER(FIND(SUBSTITUTE(C360," ",""), Load_Booking_Report!AL:AL)), 0) ) ), "" )} | V360: {=IFERROR( IF( INDEX(Load_Booking_Report!AR:AR, MATCH(TRUE, ISNUMBER(FIND(SUBSTITUTE(C360," ",""), Load_Booking_Report!AL:AL)), 0) )=0, "", INDEX(Load_Booking_Report!AR:AR, MATCH(TRUE, ISNUMBER(FIND(SUBSTITUTE(C360," ",""), Load_Booking_Report!AL:AL)), 0) ) ), "" )} | W360: {=IFERROR(INDEX(Load_Booking_Report!F:F, MATCH(TRUE, ISNUMBER(FIND(SUBSTITUTE(C360," ",""), Load_Booking_Report!AL:AL)), 0)), "Not Found")} | X360: {=IFERROR(INDEX(Load_Booking_Report!N:N, MATCH(TRUE, ISNUMBER(FIND(SUBSTITUTE(C360," ",""), Load_Booking_Report!AL:AL)), 0)), "Not Found")} | Y360: {=IFERROR(INDEX(Load_Booking_Report!V:V, MATCH(TRUE, ISNUMBER(FIND(SUBSTITUTE(C360," ",""), Load_Booking_Report!AL:AL)), 0)), "Not Found")} | Z360: {=IFERROR(INDEX(Load_Booking_Report!BC:BC, MATCH(TRUE, ISNUMBER(FIND(SUBSTITUTE(C360," ",""), Load_Booking_Report!AL:AL)), 0)), "Not Found")}
A361: 10 | B361: 100582 | C361: ANON0000000 | D361: 40 | E361: USNFK | F361: RULED | G361: 32720 | H361: ART | I361: 45R1 | K361: -18.0:CEL | L361: 9'6 | M361: Full | N361: RULED | P361: =C361 | Q361: {=IFERROR(INDEX(Load_Booking_Report!AC:AC, MATCH(TRUE, ISNUMBER(FIND(SUBSTITUTE(C361," ",""), Load_Booking_Report!AL:AL)), 0)), "Not Found")} | R361: {=IFERROR(INDEX(Load_Booking_Report!C:C, MATCH(TRUE, ISNUMBER(FIND(SUBSTITUTE(C361," ",""), Load_Booking_Report!AL:AL)), 0)), "Not Found")} | S361: {=IFERROR(INDEX(Load_Booking_Report!AG:AG, MATCH(TRUE, ISNUMBER(FIND(SUBSTITUTE(C361," ",""), Load_Booking_Report!AL:AL)), 0)), "Not Found")} | T361: =G361 | U361: {=IFERROR( IF( INDEX(Load_Booking_Report!AM:AM, MATCH(TRUE, ISNUMBER(FIND(SUBSTITUTE(C361," ",""), Load_Booking_Report!AL:AL)), 0) )=0, "", INDEX(Load_Booking_Report!AM:AM, MATCH(TRUE, ISNUMBER(FIND(SUBSTITUTE(C361," ",""), Load_Booking_Report!AL:AL)), 0) ) ), "" )} | V361: {=IFERROR( IF( INDEX(Load_Booking_Report!AR:AR, MATCH(TRUE, ISNUMBER(FIND(SUBSTITUTE(C361," ",""), Load_Booking_Report!AL:AL)), 0) )=0, "", INDEX(Load_Booking_Report!AR:AR, MATCH(TRUE, ISNUMBER(FIND(SUBSTITUTE(C361," ",""), Load_Booking_Report!AL:AL)), 0) ) ), "" )} | W361: {=IFERROR(INDEX(Load_Booking_Report!F:F, MATCH(TRUE, ISNUMBER(FIND(SUBSTITUTE(C361," ",""), Load_Booking_Report!AL:AL)), 0)), "Not Found")} | X361: {=IFERROR(INDEX(Load_Booking_Report!N:N, MATCH(TRUE, ISNUMBER(FIND(SUBSTITUTE(C361," ",""), Load_Booking_Report!AL:AL)), 0)), "Not Found")} | Y361: {=IFERROR(INDEX(Load_Booking_Report!V:V, MATCH(TRUE, ISNUMBER(FIND(SUBSTITUTE(C361," ",""), Load_Booking_Report!AL:AL)), 0)), "Not Found")} | Z361: {=IFERROR(INDEX(Load_Booking_Report!BC:BC, MATCH(TRUE, ISNUMBER(FIND(SUBSTITUTE(C361," ",""), Load_Booking_Report!AL:AL)), 0)), "Not Found")}
... A376: 2 | B376: 20384 | C376: ANON0000000 | D376: 40 | E376: USNFK | F376: RULED | G376: 32840 | H376: ART | I376: 45R1 | K376: -18.0:CEL | L376: 9'6 | M376: Full | N376: RULED | P376: =C376 | Q376: {=IFERROR(INDEX(Load_Booking_Report!AC:AC, MATCH(TRUE, ISNUMBER(FIND(SUBSTITUTE(C376," ",""), Load_Booking_Report!AL:AL)), 0)), "Not Found")} | R376: {=IFERROR(INDEX(Load_Booking_Report!C:C, MATCH(TRUE, ISNUMBER(FIND(SUBSTITUTE(C376," ",""), Load_Booking_Report!AL:AL)), 0)), "Not Found")} | S376: {=IFERROR(INDEX(Load_Booking_Report!AG:AG, MATCH(TRUE, ISNUMBER(FIND(SUBSTITUTE(C376," ",""), Load_Booking_Report!AL:AL)), 0)), "Not Found")} | T376: =G376 | U376: {=IFERROR( IF( INDEX(Load_Booking_Report!AM:AM, MATCH(TRUE, ISNUMBER(FIND(SUBSTITUTE(C376," ",""), Load_Booking_Report!AL:AL)), 0) )=0, "", INDEX(Load_Booking_Report!AM:AM, MATCH(TRUE, ISNUMBER(FIND(SUBSTITUTE(C376," ",""), Load_Booking_Report!AL:AL)), 0) ) ), "" )} | V376: {=IFERROR( IF( INDEX(Load_Booking_Report!AR:AR, MATCH(TRUE, ISNUMBER(FIND(SUBSTITUTE(C376," ",""), Load_Booking_Report!AL:AL)), 0) )=0, "", INDEX(Load_Booking_Report!AR:AR, MATCH(TRUE, ISNUMBER(FIND(SUBSTITUTE(C376," ",""), Load_Booking_Report!AL:AL)), 0) ) ), "" )} | W376: {=IFERROR(INDEX(Load_Booking_Report!F:F, MATCH(TRUE, ISNUMBER(FIND(SUBSTITUTE(C376," ",""), Load_Booking_Report!AL:AL)), 0)), "Not Found")} | X376: {=IFERROR(INDEX(Load_Booking_Report!N:N, MATCH(TRUE, ISNUMBER(FIND(SUBSTITUTE(C376," ",""), Load_Booking_Report!AL:AL)), 0)), "Not Found")} | Y376: {=IFERROR(INDEX(Load_Booking_Report!V:V, MATCH(TRUE, ISNUMBER(FIND(SUBSTITUTE(C376," ",""), Load_Booking_Report!AL:AL)), 0)), "Not Found")} | Z376: {=IFERROR(INDEX(Load_Booking_Report!BC:BC, MATCH(TRUE, ISNUMBER(FIND(SUBSTITUTE(C376," ",""), Load_Booking_Report!AL:AL)), 0)), "Not Found")}
A377: 21 | B377: 210104 | C377: ANON0000000 | D377: 20 | E377: USNFK | F377: RULED | G377: 23280 | H377: ART | I377: 2210 | L377: 8'6 | M377: Full | N377: RULED | P377: =C377 | Q377: {=IFERROR(INDEX(Load_Booking_Report!AC:AC, MATCH(TRUE, ISNUMBER(FIND(SUBSTITUTE(C377," ",""), Load_Booking_Report!AL:AL)), 0)), "Not Found")} | R377: {=IFERROR(INDEX(Load_Booking_Report!C:C, MATCH(TRUE, ISNUMBER(FIND(SUBSTITUTE(C377," ",""), Load_Booking_Report!AL:AL)), 0)), "Not Found")} | S377: {=IFERROR(INDEX(Load_Booking_Report!AG:AG, MATCH(TRUE, ISNUMBER(FIND(SUBSTITUTE(C377," ",""), Load_Booking_Report!AL:AL)), 0)), "Not Found")} | T377: =G377 | U377: {=IFERROR( IF( INDEX(Load_Booking_Report!AM:AM, MATCH(TRUE, ISNUMBER(FIND(SUBSTITUTE(C377," ",""), Load_Booking_Report!AL:AL)), 0) )=0, "", INDEX(Load_Booking_Report!AM:AM, MATCH(TRUE, ISNUMBER(FIND(SUBSTITUTE(C377," ",""), Load_Booking_Report!AL:AL)), 0) ) ), "" )} | V377: {=IFERROR( IF( INDEX(Load_Booking_Report!AR:AR, MATCH(TRUE, ISNUMBER(FIND(SUBSTITUTE(C377," ",""), Load_Booking_Report!AL:AL)), 0) )=0, "", INDEX(Load_Booking_Report!AR:AR, MATCH(TRUE, ISNUMBER(FIND(SUBSTITUTE(C377," ",""), Load_Booking_Report!AL:AL)), 0) ) ), "" )} | W377: {=IFERROR(INDEX(Load_Booking_Report!F:F, MATCH(TRUE, ISNUMBER(FIND(SUBSTITUTE(C377," ",""), Load_Booking_Report!AL:AL)), 0)), "Not Found")} | X377: {=IFERROR(INDEX(Load_Booking_Report!N:N, MATCH(TRUE, ISNUMBER(FIND(SUBSTITUTE(C377," ",""), Load_Booking_Report!AL:AL)), 0)), "Not Found")} | Y377: {=IFERROR(INDEX(Load_Booking_Report!V:V, MATCH(TRUE, ISNUMBER(FIND(SUBSTITUTE(C377," ",""), Load_Booking_Report!AL:AL)), 0)), "Not Found")} | Z377: {=IFERROR(INDEX(Load_Booking_Report!BC:BC, MATCH(TRUE, ISNUMBER(FIND(SUBSTITUTE(C377," ",""), Load_Booking_Report!AL:AL)), 0)), "Not Found")}
...

Sheet Load_Booking_Report
A1: S.NO | B1: Booking Agent Name | C1: Booking Number | D1: Local Booking Number | E1: Booking Date | F1: Booking Party | G1: Booking Remarks | H1: Sales Person | I1: Consignee Name | J1: ETD | K1: ETA | L1: ATD | M1: Export Do No. | N1: POO | O1: POL | P1: T/S Port1 | Q1: T/S Port2 | R1: T/S Port3 | S1: T/S Port4 | T1: T/S Port5 | U1: POD | V1: FPOD | W1: POL COUNTRY | X1: POL REGION | Y1: POD COUNTRY | Z1: POD REGION | AA1: Dest Agent | AB1: Prepaid/ Collect | AC1: Vessel / Voyage | AD1: Transhipment | AE1: Booking Status | AF1: Booking Created By | AG1: Type | AH1: IS NOR | AI1: Size | AJ1: Bkg Qty 20 | AK1: Bkg Qty 40 | AL1: Container Number | AM1: TEMP | AN1: HUM | AO1: VENT | AP1: Cargo Type | AQ1: Service Mode | AR1: IMO | AS1: UN NO | AT1: BL No. | AU1: Weight(KGS) | AV1: Product | AW1: HS Code | AX1: Rate Request | AY1: MRG Category | AZ1: POD REEFER Plugin Free Days | BA1: Det POL Free Days | BB1: Det FPOD Free Days | BC1: Rate Per (USD) | BD1: CROSS BOOKING | BE1: FMC | BF1: Slot Operator | BG1: Collect Port | BH1: TDR Units 20 | BI1: TDR Units 40 | BJ1: Total Amount (USD) | BK1: Container OwnerShip | BL1: Services Name | BM1: Feeder Name
A2: 1 | B2: MARLIN REEFER | C2: REF000000 | D2: REF000000 | E2: 31-OCT-2025 | F2: MARLIN REEFER | G2: EVI311003 - Food Grade | H2: AdminUAM | J2: 46029 | K2: 46029 | L2: 46029 | M2: REF000000 | N2: USNYC | O2: USNYC | P2: RULED | U2: RULED | V2: RULED | W2: UNITED STATES | X2: Latin America | Y2: RUSSIA | Z2: External Review | AA2: HUB SHIPPING LLC-LED | AB2: Collect | AC2: MERCURY/25016E | AE2: LADEN BOOKING | AF2: RenniUAM | AG2: DC20 | AH2: NO | AI2: 20 | AJ2: 8 | AK2: 0 | AL2: ANON0000000, ANON0000000, ANON0000000, ANON0000000, ANON0000000, ANON0000000, ANON0000000, ANON0000000 | AP2: Non Haz | AQ2: CY/CY | AT2: REF000000 | AU2: 23000 | AV2: GENERAL COMMODITY | AX2: RSUAM122500052 | AZ2: 0 | BA2: 30 | BB2: 21 | BC2: 1750 | BD2: Yes | BF2: ARTHA SHIPPING | BG2: RULED | BH2: 8 | BI2: 0 | BJ2: 14000 | BK2: LINE | BL2: MARLIN REEFER | BM2: MARLIN REEFER
A3: 2 | B3: TURTLE REEFER | C3: REF000000 | D3: REF000000 | E3: 45966 | F3: TURTLE REEFER | G3: EVI051105 - Food Grade | H3: AdminUAM | J3: 46037 | K3: 46033 | L3: 46037 | M3: REF000000 | N3: USNFK | O3: USNFK | P3: RULED | U3: RULED | V3: RULED | W3: UNITED STATES | X3: Latin America | Y3: RUSSIA | Z3: External Review | AA3: HUB SHIPPING LLC-LED | AB3: Collect | AC3: MERCURY/25016E | AE3: LADEN BOOKING | AF3: RenniUAM | AG3: HC40 | AH3: NO | AI3: 40 | AJ3: 0 | AK3: 10 | AL3: ANON0000000, ANON0000000, ANON0000000, ANON0000000, ANON0000000, ANON0000000, ANON0000000, ANON0000000, ANON0000000, ANON0000000 | AP3: Non Haz | AQ3: CY/CY | AT3: REF000000 | AU3: 26000 | AV3: GENERAL COMMODITY | AX3: RSUAM102500023 | AZ3: 0 | BA3: 14 | BB3: 14 | BC3: 2750 | BD3: Yes | BE3: FMC/RFHOP/40801 | BF3: ARTHA SHIPPING | BG3: RULED | BH3: 0 | BI3: 10 | BJ3: 27500 | BK3: LINE | BL3: TURTLE REEFER | BM3: TURTLE REEFER
A4: 3 | B4: FALCON DRY | C4: REF000000 | D4: REF000000 | E4: 45966 | F4: FALCON DRY | G4: EVI051106 - Food grade | H4: AdminUAM | J4: 46037 | K4: 46033 | L4: 46037 | M4: REF000000 | N4: USNFK | O4: USNFK | P4: RULED | U4: RULED | V4: RULED | W4: UNITED STATES | X4: Latin America | Y4: RUSSIA | Z4: External Review | AA4: HUB SHIPPING LLC-LED | AB4: Collect | AC4: MERCURY/25016E | AE4: LADEN BOOKING | AF4: RenniUAM | AG4: HC40 | AH4: NO | AI4: 40 | AJ4: 0 | AK4: 4 | AL4: ANON0000000, ANON0000000, ANON0000000, ANON0000000 | AP4: Non Haz | AQ4: CY/CY | AT4: REF000000 | AU4: 26000 | AV4: GENERAL COMMODITY | AX4: RSUAM122500027 | AZ4: 0 | BA4: 14 | BB4: 14 | BC4: 2750 | BD4: Yes | BF4: ARTHA SHIPPING | BG4: RULED | BH4: 0 | BI4: 4 | BJ4: 11000 | BK4: LINE | BL4: FALCON DRY | BM4: FALCON DRY
A5: 4 | B5: WOLF DRY | C5: REF000000 | D5: REF000000 | E5: 45971 | F5: WOLF DRY | G5: EVI101102 - Food Grade | H5: AdminUAM | J5: 46037 | K5: 46033 | L5: 46037 | M5: REF000000 | N5: USNFK | O5: USNFK | P5: RULED | U5: RULED | V5: RULED | W5: UNITED STATES | X5: Latin America | Y5: RUSSIA | Z5: External Review | AA5: HUB SHIPPING LLC-LED | AB5: Collect | AC5: MERCURY/25016E | AE5: LADEN BOOKING | AF5: RenniUAM | AG5: HC40 | AH5: NO | AI5: 40 | AJ5: 0 | AK5: 2 | AL5: ANON0000000, ANON0000000 | AP5: Non Haz | AQ5: CY/CY | AT5: REF000000 | AU5: 26000 | AV5: GENERAL COMMODITY | AX5: RSUAM122500027 | AZ5: 0 | BA5: 14 | BB5: 14 | BC5: 2750 | BD5: Yes | BF5: ARTHA SHIPPING | BG5: RULED | BH5: 0 | BI5: 2 | BJ5: 5500 | BK5: LINE | BL5: WOLF DRY | BM5: WOLF DRY
A6: 5 | B6: SEAL REEFER | C6: REF000000 | D6: REF000000 | E6: 45971 | F6: SEAL REEFER | G6: PREPAID | H6: Regional Operations_UNIMAR | J6: 46029 | K6: 46029 | L6: 46029 | M6: REF000000 | N6: USNYC | O6: USNYC | P6: RUBLT | U6: RUBLT | V6: RUBLT | W6: UNITED STATES | X6: Latin America | Y6: RUSSIA | Z6: External Review | AA6: HUB Shipping-Kaliningrad | AB6: Prepaid | AC6: MERCURY/25016E | AD6: SPARTA / SP1010109SB | AE6: LADEN BOOKING | AF6: Joao Ribeiro | AG6: RH40 | AH6: NO | AI6: 40 | AJ6: 0 | AK6: 1 | AL6: ANON0000000 | AM6: -22 | AP6: Non Haz | AQ6: CY/CY | AT6: REF000000 | AU6: 28000 | AV6: FROZEN MEAT & FRUIT PULP | AX6: RSUAM112500005 | AZ6: 0 | BA6: 25 | BB6: 15 | BC6: 8600 | BD6: No | BF6: ARTHA SHIPPING | BG6: USNYC | BH6: 0 | BI6: 1 | BJ6: 8600 | BK6: LINE | BL6: SEAL REEFER | BM6: SEAL REEFER
A7: 6 | B7: FOX DRY | C7: REF000000 | D7: REF000000 | E7: 45971 | F7: FOX DRY | G7: PREPAID | H7: Regional Operations_UNIMAR | J7: 46037 | K7: 46033 | L7: 46037 | M7: REF000000 | N7: USNFK | O7: USNFK | P7: RULED | U7: RULED | V7: RULED | W7: UNITED STATES | X7: Latin America | Y7: RUSSIA | Z7: External Review | AA7: HUB SHIPPING LLC-LED | AB7: Prepaid | AC7: MERCURY/25016E | AE7: LADEN BOOKING | AF7: Maria Jessica Da Si | AG7: DC20 | AH7: NO | AI7: 20 | AJ7: 1 | AK7: 0 | AL7: ANON0000000 | AP7: Non Haz | AQ7: CY/CY | AT7: REF000000 | AU7: 22000 | AV7: GENERAL COMMODITY | AX7: MRG368669 | AY7: LINE | AZ7: 0 | BA7: 30 | BB7: 14 | BC7: 3200 | BD7: No | BF7: ARTHA SHIPPING | BG7: USNFK | BH7: 1 | BI7: 0 | BJ7: 3200 | BK7: LINE | BL7: FOX DRY | BM7: FOX DRY
A8: 7 | B8: BISON DRY | C8: REF000000 | D8: REF000000 | E8: 45973 | F8: BISON DRY | H8: AdminUAM | J8: 46037 | K8: 46033 | L8: 46037 | M8: REF000000 | N8: USNFK | O8: USNFK | P8: RULED | U8: RULED | V8: RULED | W8: UNITED STATES | X8: Latin America | Y8: RUSSIA | Z8: External Review | AA8: HUB SHIPPING LLC-LED | AB8: Collect | AC8: MERCURY/25016E | AE8: LADEN BOOKING | AF8: RenniUAM | AG8: DC20 | AH8: NO | AI8: 20 | AJ8: 4 | AK8: 0 | AL8: ANON0000000, ANON0000000, ANON0000000, ANON0000000 | AP8: Non Haz | AQ8: CY/CY | AT8: REF000000 | AU8: 23000 | AV8: GENERAL COMMODITY | AX8: RSUAM122500028 | AZ8: 0 | BA8: 10 | BB8: 21 | BC8: 1750 | BD8: Yes | BF8: ARTHA SHIPPING | BG8: RULED | BH8: 4 | BI8: 0 | BJ8: 7000 | BK8: LINE | BL8: BISON DRY | BM8: BISON DRY
A9: 8 | B9: MARLIN REEFER | C9: REF000000 | D9: REF000000 | E9: 45978 | F9: MARLIN REEFER | G9: PREPAID ABROAD | H9: Regional Operations_UNIMAR | J9: 46029 | K9: 46029 | L9: 46029 | M9: REF000000 | N9: USNYC | O9: USNYC | P9: RUBLT | U9: RUBLT | V9: RUBLT | W9: UNITED STATES | X9: Latin America | Y9: RUSSIA | Z9: External Review | AA9: HUB Shipping-Kaliningrad | AB9: Prepaid | AC9: MERCURY/25016E | AD9: SPARTA / SP1010109SB | AE9: LADEN BOOKING | AF9: Joao Ribeiro | AG9: RH40 | AH9: NO | AI9: 40 | AJ9: 0 | AK9: 1 | AL9: ANON0000000 | AM9: -22 | AP9: Non Haz | AQ9: CY/CY | AT9: REF000000 | AU9: 27000 | AV9: FROZEN MEAT & FRUIT PULP | AX9: RSUAM122500017 | AZ9: 2 | BA9: 25 | BB9: 15 | BC9: 9200 | BD9: No | BF9: ARTHA SHIPPING | BG9: USNYC | BH9: 0 | BI9: 1 | BJ9: 9200 | BK9: LINE | BL9: MARLIN REEFER | BM9: MARLIN REEFER
A10: 9 | B10: COYOTE DRY | C10: REF000000 | D10: REF000000 | E10: 45979 | F10: COYOTE DRY | H10: AdminUAM | J10: 46037 | K10: 46033 | L10: 46037 | M10: REF000000 | N10: USNFK | O10: USNFK | P10: RULED | U10: RULED | V10: RULED | W10: UNITED STATES | X10: Latin America | Y10: RUSSIA | Z10: External Review | AA10: HUB SHIPPING LLC-LED | AB10: Collect | AC10: MERCURY/25016E | AE10: LADEN BOOKING | AF10: RenniUAM | AG10: DC20 | AH10: NO | AI10: 20 | AJ10: 1 | AK10: 0 | AL10: ANON0000000 | AP10: Non Haz | AQ10: CY/CY | AT10: REF000000 | AU10: 26000 | AV10: GENERAL COMMODITY | AX10: MRG340876 | AY10: LINE | AZ10: 0 | BA10: 14 | BB10: 14 | BC10: 3200 | BD10: Yes | BF10: ARTHA SHIPPING | BG10: RULED | BH10: 1 | BI10: 0 | BJ10: 3200 | BK10: LINE | BL10: COYOTE DRY | BM10: COYOTE DRY
A11: 10 | B11: ORCA REEFER | C11: REF000000 | D11: REF000000 | E11: 45979 | F11: ORCA REEFER | G11: PREPAID ABROAD | H11: Regional Operations_UNIMAR | J11: 46029 | K11: 46029 | L11: 46029 | M11: REF000000 | N11: USNYC | O11: USNYC | P11: RUBLT | U11: RUBLT | V11: RUBLT | W11: UNITED STATES | X11: Latin America | Y11: RUSSIA | Z11: External Review | AA11: HUB Shipping-Kaliningrad | AB11: Prepaid | AC11: MERCURY/25016E | AD11: SPARTA / SP1010109SB | AE11: LADEN BOOKING | AF11: Joao Ribeiro | AG11: RH40 | AH11: NO | AI11: 40 | AJ11: 0 | AK11: 1 | AL11: ANON0000000 | AM11: -22 | AP11: Non Haz | AQ11: CY/CY | AT11: REF000000 | AU11: 27000 | AV11: FROZEN MEAT & FRUIT PULP | AX11: RSUAM122500017 | AZ11: 2 | BA11: 25 | BB11: 15 | BC11: 9200 | BD11: No | BF11: ARTHA SHIPPING | BG11: USNYC | BH11: 0 | BI11: 1 | BJ11: 9200 | BK11: LINE | BL11: ORCA REEFER | BM11: ORCA REEFER
A12: 11 | B12: WHALE REEFER | C12: REF000000 | D12: REF000000 | E12: 45981 | F12: WHALE REEFER | G12: PREPAID ABROAD | H12: Diego | J12: 19-FEB-2026 | K12: 19-FEB-2026 | L12: 19-FEB-2026 | M12: REF000000 | N12: USHOU | O12: USHOU | P12: RULED | U12: RULED | V12: RULED | W12: UNITED STATES | X12: Latin America | Y12: RUSSIA | Z12: External Review | AA12: HUB SHIPPING LLC-LED | AB12: Prepaid | AC12: LI DA XING/VOYAGE 1 | AE12: LADEN BOOKING | AF12: Maria Jessica Da Si | AG12: RH40 | AH12: NO | AI12: 40 | AJ12: 0 | AK12: 1 | AL12: ANON0000000 | AM12: -18 | AP12: Non Haz | AQ12: CY/CY | AT12: REF000000 | AU12: 25000 | AV12: FROZEN MEAT & FRUIT PULP | AX12: RSUAM112500006 | AZ12: 5 | BA12: 25 | BB12: 15 | BC12: 7000 | BD12: No | BF12: ARTHA SHIPPING | BG12: USHOU | BH12: 0 | BI12: 1 | BJ12: 7000 | BK12: LINE | BL12: WHALE REEFER | BM12: WHALE REEFER
A13: 12 | B13: SEAL REEFER | C13: REF000000 | D13: REF000000 | E13: 45981 | F13: SEAL REEFER | G13: PREPAID ABROAD | H13: Diego | J13: 46032 | K13: 46031 | L13: 46032 | M13: REF000000 | N13: USHOU | O13: USHOU | P13: RULED | U13: RULED | V13: RULED | W13: UNITED STATES | X13: Latin America | Y13: RUSSIA | Z13: External Review | AA13: HUB SHIPPING LLC-LED | AB13: Prepaid | AC13: MERCURY/25016E | AE13: LADEN BOOKING | AF13: Maria Jessica Da Si | AG13: RH40 | AH13: NO | AI13: 40 | AJ13: 0 | AK13: 1 | AL13: ANON0000000 | AM13: -18 | AP13: Non Haz | AQ13: CY/CY | AT13: REF000000 | AU13: 25000 | AV13: FROZEN MEAT & FRUIT PULP | AX13: RSUAM112500006 | AZ13: 5 | BA13: 25 | BB13: 15 | BC13: 7000 | BD13: No | BF13: ARTHA SHIPPING | BG13: USHOU | BH13: 0 | BI13: 1 | BJ13: 7000 | BK13: LINE | BL13: SEAL REEFER | BM13: SEAL REEFER
A14: 13 | B14: SHARK REEFER | C14: REF000000 | D14: REF000000 | E14: 45985 | F14: SHARK REEFER | H14: AdminUAM | J14: 46029 | K14: 46029 | L14: 46029 | M14: REF000000 | N14: USNYC | O14: USNYC | P14: RULED | U14: RULED | V14: RULED | W14: UNITED STATES | X14: Latin America | Y14: RUSSIA | Z14: External Review | AA14: HUB SHIPPING LLC-LED | AB14: Collect | AC14: MERCURY/25016E | AE14: LADEN BOOKING | AF14: RenniUAM | AG14: DC20 | AH14: NO | AI14: 20 | AJ14: 12 | AK14: 0 | AL14: ANON0000000, ANON0000000, ANON0000000, ANON0000000, ANON0000000, ANON0000000, ANON0000000, ANON0000000, ANON0000000, ANON0000000, ANON0000000, ANON0000000 | AP14: Non Haz | AQ14: CY/CY | AT14: REF000000 | AU14: 23000 | AV14: GENERAL COMMODITY | AX14: RSUAM122500022 | AZ14: 0 | BA14: 10 | BB14: 21 | BC14: 1650 | BD14: Yes | BF14: ARTHA SHIPPING | BG14: RULED | BH14: 12 | BI14: 0 | BJ14: 19800 | BK14: LINE | BL14: SHARK REEFER | BM14: SHARK REEFER
A15: 14 | B15: DOLPHIN REEFER | C15: REF000000 | D15: REF000000 | E15: 45985 | F15: DOLPHIN REEFER | H15: AdminUAM | J15: 46029 | K15: 46029 | L15: 46029 | M15: REF000000 | N15: USNYC | O15: USNYC | P15: RULED | U15: RULED | V15: RULED | W15: UNITED STATES | X15: Latin America | Y15: RUSSIA | Z15: External Review | AA15: HUB SHIPPING LLC-LED | AB15: Collect | AC15: MERCURY/25016E | AE15: LADEN BOOKING | AF15: RenniUAM | AG15: DC20 | AH15: NO | AI15: 20 | AJ15: 1 | AK15: 0 | AL15: ANON0000000 | AP15: Non Haz | AQ15: CY/CY | AT15: REF000000 | AU15: 21000 | AV15: GENERAL COMMODITY | AX15: MRG340874 | AY15: LINE | AZ15: 0 | BA15: 14 | BB15: 14 | BC15: 3200 | BD15: Yes | BF15: ARTHA SHIPPING | BG15: RULED | BH15: 1 | BI15: 0 | BJ15: 3200 | BK15: LINE | BL15: DOLPHIN REEFER | BM15: DOLPHIN REEFER
A16: 15 | B16: MARLIN REEFER | C16: REF000000 | D16: REF000000 | E16: 45985 | F16: MARLIN REEFER | G16: PREPAID | H16: Diego | J16: 46029 | K16: 46029 | L16: 46029 | M16: REF000000 | N16: USNYC | O16: USNYC | P16: RULED | U16: RULED | V16: RULED | W16: UNITED STATES | X16: Latin America | Y16: RUSSIA | Z16: External Review | AA16: HUB SHIPPING LLC-LED | AB16: Prepaid | AC16: MERCURY/25016E | AE16: LADEN BOOKING | AF16: Joao Ribeiro | AG16: RH40 | AH16: NO | AI16: 40 | AJ16: 0 | AK16: 1 | AL16: ANON0000000 | AM16: -18 | AP16: Non Haz | AQ16: CY/CY | AT16: REF000000 | AU16: 28000 | AV16: FROZEN MEAT & FRUIT PULP | AX16: RSUAM112500003 | AZ16: 5 | BA16: 25 | BB16: 15 | BC16: 7000 | BD16: No | BF16: ARTHA SHIPPING | BG16: USNYC | BH16: 0 | BI16: 1 | BJ16: 7000 | BK16: LINE | BL16: MARLIN REEFER | BM16: MARLIN REEFER
A17: 16 | B17: TURTLE REEFER | C17: REF000000 | D17: REF000000 | E17: 45985 | F17: TURTLE REEFER | G17: PREPAID ABROAD | H17: Regional Operations_UNIMAR | J17: 46029 | K17: 46029 | L17: 46029 | M17: REF000000 | N17: USNYC | O17: USNYC | P17: RUBLT | U17: RUBLT | V17: RUBLT | W17: UNITED STATES | X17: Latin America | Y17: RUSSIA | Z17: External Review | AA17: HUB Shipping-Kaliningrad | AB17: Prepaid | AC17: MERCURY/25016E | AD17: SPARTA / SP1010109SB | AE17: LADEN BOOKING | AF17: Joao Ribeiro | AG17: RH40 | AH17: NO | AI17: 40 | AJ17: 0 | AK17: 1 | AL17: ANON0000000 | AM17: -22 | AP17: Non Haz | AQ17: CY/CY | AT17: REF000000 | AU17: 28000 | AV17: FROZEN MEAT & FRUIT PULP | AX17: RSUAM122500017 | AZ17: 2 | BA17: 25 | BB17: 15 | BC17: 9200 | BD17: No | BF17: ARTHA SHIPPING | BG17: USNYC | BH17: 0 | BI17: 1 | BJ17: 9200 | BK17: LINE | BL17: TURTLE REEFER | BM17: TURTLE REEFER
A18: 17 | B18: FALCON DRY | C18: REF000000 | D18: REF000000 | E18: 45986 | F18: FALCON DRY | H18: AdminUAM | J18: 46037 | K18: 46033 | L18: 46037 | M18: REF000000 | N18: USNFK | O18: USNFK | P18: RULED | U18: RULED | V18: RULED | W18: UNITED STATES | X18: Latin America | Y18: RUSSIA | Z18: External Review | AA18: HUB SHIPPING LLC-LED | AB18: Collect | AC18: MERCURY/25016E | AE18: LADEN BOOKING | AF18: RenniUAM | AG18: DC20 | AH18: NO | AI18: 20 | AJ18: 6 | AK18: 0 | AL18: ANON0000000, ANON0000000, ANON0000000, ANON0000000, ANON0000000, ANON0000000 | AP18: Non Haz | AQ18: CY/CY | AT18: REF000000 | AU18: 26000 | AV18: GENERAL COMMODITY | AX18: RSUAM112500010 | AZ18: 0 | BA18: 10 | BB18: 14 | BC18: 2600 | BD18: Yes | BF18: ARTHA SHIPPING | BG18: RULED | BH18: 6 | BI18: 0 | BJ18: 15600 | BK18: LINE | BL18: FALCON DRY | BM18: FALCON DRY
A19: 18 | B19: WHALE REEFER | C19: REF000000 | D19: REF000000 | E19: 45986 | F19: WHALE REEFER | G19: PREPAID | H19: Diego | J19: 46037 | K19: 46033 | L19: 46037 | M19: REF000000 | N19: USNFK | O19: USNFK | P19: RULED | U19: RULED | V19: RULED | W19: UNITED STATES | X19: Latin America | Y19: RUSSIA | Z19: External Review | AA19: HUB SHIPPING LLC-LED | AB19: Prepaid | AC19: MERCURY/25016E | AE19: LADEN BOOKING | AF19: Joao Ribeiro | AG19: RH40 | AH19: NO | AI19: 40 | AJ19: 0 | AK19: 1 | AL19: ANON0000000 | AM19: -18 | AP19: Non Haz | AQ19: CY/CY | AT19: REF000000 | AU19: 28000 | AV19: FROZEN MEAT & FRUIT PULP | AX19: RSUAM112500002 | AZ19: 5 | BA19: 25 | BB19: 15 | BC19: 7000 | BD19: No | BF19: ARTHA SHIPPING | BG19: USNFK | BH19: 0 | BI19: 1 | BJ19: 7000 | BK19: LINE | BL19: WHALE REEFER | BM19: WHALE REEFER
A20: 19 | B20: SEAL REEFER | C20: REF000000 | D20: REF000000 | E20: 45986 | F20: SEAL REEFER | G20: PREPAID ABROAD | H20: Regional Operations_UNIMAR | J20: 46032 | K20: 46031 | L20: 46032 | M20: REF000000 | N20: USHOU | O20: USHOU | P20: RUBLT | U20: RUBLT | V20: RUBLT | W20: UNITED STATES | X20: Latin America | Y20: RUSSIA | Z20: External Review | AA20: HUB Shipping-Kaliningrad | AB20: Prepaid | AC20: MERCURY/25016E | AD20: SPARTA / SP1010109SB | AE20: LADEN BOOKING | AF20: Joao Ribeiro | AG20: RH40 | AH20: NO | AI20: 40 | AJ20: 0 | AK20: 1 | AL20: ANON0000000 | AM20: -22 | AP20: Non Haz | AQ20: CY/CY | AT20: REF000000 | AU20: 26500 | AV20: FROZEN MEAT | AX20: RSUAM092500030 | AZ20: 0 | BA20: 21 | BB20: 14 | BC20: 9350 | BD20: No | BF20: ARTHA SHIPPING | BG20: USHOU | BH20: 0 | BI20: 1 | BJ20: 9350 | BK20: LINE | BL20: SEAL REEFER | BM20: SEAL REEFER
A21: 20 | B21: FOX DRY | C21: REF000000 | D21: REF000000 | E21: 45987 | F21: FOX DRY | G21: FOODGRADE | H21: AdminUAM | J21: 46032 | K21: 46031 | L21: 46032 | M21: REF000000 | N21: USHOU | O21: USHOU | P21: RULED | U21: RULED | V21: RULED | W21: UNITED STATES | X21: Latin America | Y21: RUSSIA | Z21: External Review | AA21: HUB SHIPPING LLC-LED | AB21: Collect | AC21: MERCURY/25016E | AE21: LADEN BOOKING | AF21: RenniUAM | AG21: HC40 | AH21: NO | AI21: 40 | AJ21: 0 | AK21: 5 | AL21: ANON0000000, ANON0000000, ANON0000000, ANON0000000, ANON0000000 | AP21: Non Haz | AQ21: CY/CY | AT21: REF000000, REF000000, REF000000, REF000000, REF000000 | AU21: 26000 | AV21: GENERAL COMMODITY | AX21: RSUAM112500014 | AZ21: 0 | BA21: 14 | BB21: 14 | BC21: 2450 | BD21: Yes | BF21: ARTHA SHIPPING | BG21: RULED | BH21: 0 | BI21: 5 | BJ21: 12250 | BK21: LINE | BL21: FOX DRY | BM21: FOX DRY
A22: 21 | B22: BISON DRY | C22: REF000000 | D22: REF000000 | E22: 01-DEC-2025 | F22: BISON DRY | G22: FOODGRADE | H22: AdminUAM | J22: 46037 | K22: 46033 | L22: 46037 | M22: REF000000 | N22: USNFK | O22: USNFK | P22: RULED | U22: RULED | V22: RULED | W22: UNITED STATES | X22: Latin America | Y22: RUSSIA | Z22: External Review | AA22: HUB SHIPPING LLC-LED | AB22: Collect | AC22: MERCURY/25016E | AE22: LADEN BOOKING | AF22: RenniUAM | AG22: DC20 | AH22: NO | AI22: 20 | AJ22: 10 | AK22: 0 | AL22: ANON0000000, ANON0000000, ANON0000000, ANON0000000, ANON0000000, ANON0000000, ANON0000000, ANON0000000, ANON0000000, ANON0000000 | AP22: Non Haz | AQ22: CY/CY | AT22: REF000000 | AU22: 23000 | AV22: GENERAL COMMODITY | AX22: RSUAM122500049 | AZ22: 0 | BA22: 21 | BB22: 21 | BC22: 1750 | BD22: Yes | BF22: ARTHA SHIPPING | BG22: RULED | BH22: 10 | BI22: 0 | BJ22: 17500 | BK22: LINE | BL22: BISON DRY | BM22: BISON DRY
A23: 22 | B23: EAGLE DRY | C23: REF000000 | D23: REF000000 | E23: 03-DEC-2025 | F23: EAGLE DRY | G23: EVI031203 - Food Grade | H23: AdminUAM | J23: 46042 | K23: 46040 | L23: 46042 | M23: REF000000 | N23: USNFK | O23: USNFK | P23: RULED | U23: RULED | V23: RULED | W23: UNITED STATES | X23: Latin America | Y23: RUSSIA | Z23: External Review | AA23: HUB SHIPPING LLC-LED | AB23: Collect | AC23: MERCURY/25016E | AE23: LADEN BOOKING | AF23: RenniUAM | AG23: HC40 | AH23: NO | AI23: 40 | AJ23: 0 | AK23: 11 | AL23: ANON0000000, ANON0000000, ANON0000000, ANON0000000, ANON0000000, ANON0000000, ANON0000000, ANON0000000, ANON0000000, ANON0000000, ANON0000000 | AP23: Non Haz | AQ23: CY/CY | AT23: REF000000 | AU23: 26000 | AV23: GENERAL COMMODITY | AX23: RSUAM122500002 | AZ23: 0 | BA23: 10 | BB23: 14 | BC23: 3400 | BD23: Yes | BF23: ARTHA SHIPPING | BG23: RULED | BH23: 0 | BI23: 11 | BJ23: 37400 | BK23: LINE | BL23: EAGLE DRY | BM23: EAGLE DRY
A24: 23 | B24: TURTLE REEFER | C24: REF000000 | D24: REF000000 | E24: 04-DEC-2025 | F24: TURTLE REEFER | G24: PREPAID ABROAD | H24: Regional Operations_UNIMAR | J24: 46029 | K24: 46029 | L24: 46029 | M24: REF000000 | N24: USNYC | O24: USNYC | P24: RUBLT | U24: RUBLT | V24: RUBLT | W24: UNITED STATES | X24: Latin America | Y24: RUSSIA | Z24: External Review | AA24: HUB Shipping-Kaliningrad | AB24: Prepaid | AC24: MERCURY/25016E | AD24: SPARTA / SP1010109SB | AE24: LADEN BOOKING | AF24: Joao Ribeiro | AG24: RH40 | AH24: NO | AI24: 40 | AJ24: 0 | AK24: 1 | AL24: ANON0000000 | AM24: -18 | AP24: Non Haz | AQ24: CY/CY | AT24: REF000000 | AU24: 29000 | AV24: FROZEN MEAT | AX24: RSUAM022500014 | AZ24: 5 | BA24: 30 | BB24: 15 | BC24: 9100 | BD24: No | BF24: ARTHA SHIPPING | BG24: USNYC | BH24: 0 | BI24: 1 | BJ24: 9100 | BK24: LINE | BL24: TURTLE REEFER | BM24: TURTLE REEFER
A25: 24 | B25: ORCA REEFER | C25: REF000000 | D25: REF000000 | E25: 08-DEC-2025 | F25: ORCA REEFER | G25: PREPAID ABROAD | H25: Regional Operations_UNIMAR | J25: 46029 | K25: 46029 | L25: 46029 | M25: REF000000 | N25: USNYC | O25: USNYC | P25: RUBLT | U25: RUBLT | V25: RUBLT | W25: UNITED STATES | X25: Latin America | Y25: RUSSIA | Z25: External Review | AA25: HUB Shipping-Kaliningrad | AB25: Prepaid | AC25: MERCURY/25016E | AD25: SPARTA / SP1010109SB | AE25: LADEN BOOKING | AF25: Joao Ribeiro | AG25: RH40 | AH25: NO | AI25: 40 | AJ25: 0 | AK25: 1 | AL25: ANON0000000 | AM25: -18 | AP25: Non Haz | AQ25: CY/CY | AT25: REF000000 | AU25: 29000 | AV25: FROZEN MEAT | AX25: RSUAM022500014 | AZ25: 5 | BA25: 30 | BB25: 15 | BC25: 9100 | BD25: No | BF25: ARTHA SHIPPING | BG25: USNYC | BH25: 0 | BI25: 1 | BJ25: 9100 | BK25: LINE | BL25: ORCA REEFER | BM25: ORCA REEFER
A26: 25 | B26: WOLF DRY | C26: REF000000 | D26: REF000000 | E26: 08-DEC-2025 | F26: WOLF DRY | G26: APO081201 - Food Grade | H26: AdminUAM | J26: 46042 | K26: 46040 | L26: 46042 | M26: REF000000 | N26: USNFK | O26: USNFK | P26: RULED | U26: RULED | V26: RULED | W26: UNITED STATES | X26: Latin America | Y26: RUSSIA | Z26: External Review | AA26: HUB SHIPPING LLC-LED | AB26: Collect | AC26: MERCURY/25016E | AE26: LADEN BOOKING | AF26: RenniUAM | AG26: HC40 | AH26: NO | AI26: 40 | AJ26: 0 | AK26: 20 | AL26: ANON0000000, ANON0000000, ANON0000000, ANON0000000, ANON0000000, ANON0000000, ANON0000000, ANON0000000, ANON0000000, ANON0000000, ANON0000000, ANON0000000, ANON0000000, ANON0000000, ANON0000000, ANON0000000, ANON0000000, ANON0000000, ANON0000000, ANON0000000 | AP26: Non Haz | AQ26: CY/CY | AT26: REF000000 | AU26: 26000 | AV26: GENERAL COMMODITY | AX26: RSUAM122500002 | AZ26: 0 | BA26: 10 | BB26: 14 | BC26: 3400 | BD26: Yes | BF26: ARTHA SHIPPING | BG26: RULED | BH26: 0 | BI26: 20 | BJ26: 68000 | BK26: LINE | BL26: WOLF DRY | BM26: WOLF DRY
